1,Carma Peyntue,kAKdOhM,cpeyntue0@gov.uk,1,+351 902 143 0406
2,Floria Nevin,Th4ZC0XtW2,fnevin1@aol.com,1,+1 442 802 0639
3,Lebbie Scrivin,ACCDsc3n6uQ,lscrivin2@buzzfeed.com,1,+380 723 404 2628
4,Conan Phizakarley,zk5mtAhUhU,cphizakarley3@newyorker.com,1,+387 354 316 8101
5,Merry Heaviside,Z2bhI8KPxRSR,mheaviside4@bbc.co.uk,1,+62 780 457 0012
6,Ced Aronowicz,cquA2P,caronowicz5@prweb.com,1,+45 189 101 3964
7,Loreen Parmer,U5DMcPX0a,lparmer6@seattletimes.com,1,+62 183 363 8802
8,Ulrick Detoc,Ad8wic,udetoc7@utexas.edu,1,+507 961 852 1369
9,Jareb Dytham,evSSdDQP,jdytham8@cloudflare.com,1,+351 390 150 9027
10,Hurley Sutter,21cNcjs3lMxU,hsutter9@spiegel.de,1,+62 151 909 8898
11,Patrizia Alessandone,bg3xcx,palessandonea@hibu.com,1,+236 424 912 5481
12,Lisle Roarty,iGkiL3Zlbdq,lroartyb@spotify.com,1,+86 480 841 7027
13,Ariel Danick,ryYyUNOc,adanickc@cnn.com,1,+962 321 752 2399
14,Kizzie Barnish,KKQpXpnV4,kbarnishd@cloudflare.com,1,+48 908 621 0981
15,Westleigh Gunson,tCvI2VHyX,wgunsone@addtoany.com,1,+54 785 872 0840
16,Carlene Hurleston,dHy3IySFh,churlestonf@lulu.com,1,+27 843 426 4628
17,Paige Schroter,pTeEjd,pschroterg@hhs.gov,1,+55 168 632 4600
18,Terry England,poN7cTb,tenglandh@wufoo.com,1,+420 778 648 3297
19,Salaidh Dullard,Vx5OCVGW0h3,sdullardi@tuttocitta.it,1,+230 678 658 1048
20,Joya Preddle,Ocd5MheHY,jpreddlej@amazon.com,1,+1 402 320 3548
21,Clem Elvy,PC4mmDfs2yt,celvyk@europa.eu,1,+263 305 450 9779
22,Cordi Willingale,B8QNHH99JNX,cwillingalel@foxnews.com,1,+51 390 763 9688
23,Anderson Tunmore,gRHDY9NEDT,atunmorem@state.gov,1,+86 238 288 0386
24,Brooke Bretherton,B0Igfhgi,bbrethertonn@vimeo.com,1,+86 624 388 8149
25,Chev Cuttle,rb0oQi,ccuttleo@google.ca,1,+48 642 651 1424
26,Lizette Goddman,7I2NFTogEX,lgoddmanp@uol.com.br,1,+86 656 707 4924
27,Jimmy Raselles,f1cpm3t0WB1x,jrasellesq@list-manage.com,1,+52 156 900 9843
28,Ira Ings,p2eKXu,iingsr@dion.ne.jp,1,+52 566 890 4187
29,Malorie Sarten,AII4sM,msartens@slate.com,1,+49 265 789 9399
30,Janith Gudgeon,rKleu6G31PWI,jgudgeont@ustream.tv,1,+34 599 871 8405
31,Stephanus Horwell,DuWKZpK,shorwellu@deviantart.com,1,+216 481 923 3369
32,Gaile Gellett,zD5UypzpY,ggellettv@squarespace.com,1,+966 275 477 1013
33,Karrie Renbold,Ady3sIv88,krenboldw@theglobeandmail.com,1,+993 321 715 8784
34,Ynes Tollmache,VP799hjwU1,ytollmachex@columbia.edu,1,+86 185 647 0968
35,Nalani Warrillow,Ld8EnWDz,nwarrillowy@tmall.com,1,+54 838 144 3022
36,Klarrisa Klaiser,vf04lD3oLCg,kklaiserz@unblog.fr,1,+251 253 401 6717
37,Mimi Curwood,5KQBEj,mcurwood10@nbcnews.com,1,+63 453 289 5671
38,Wernher Oscroft,DPN8Y9a,woscroft11@bizjournals.com,1,+359 235 457 8374
39,Aimil Farnham,WIBebs,afarnham12@nationalgeographic.com,1,+1 772 322 6735
40,Benedikt Nacci,jYHIddfu,bnacci13@drupal.org,1,+86 453 437 3309
41,Teirtza Rosthorn,LcjVwDvtDO,trosthorn14@printfriendly.com,1,+47 440 106 3687
42,Heywood Huckerby,EizBPy1bZ,hhuckerby15@gravatar.com,1,+84 584 865 8895
43,Beryle Merit,jkyWQT,bmerit16@ucoz.com,1,+27 207 671 4578
44,Rustie Whordley,Axk6Adu,rwhordley17@oakley.com,1,+964 537 924 2003
45,Pooh MacCourt,nPLsWvmE,pmaccourt18@cpanel.net,1,+52 771 264 5980
46,Hadleigh Poupard,oTCqXh,hpoupard19@dagondesign.com,1,+62 904 127 2288
47,Meggie Barmadier,tH93MtH,mbarmadier1a@paginegialle.it,1,+86 572 724 4184
48,Aluin Kimmitt,WDuXlpTjzO,akimmitt1b@edublogs.org,1,+62 412 930 3018
49,Lindsey Melson,0mX9Socnmv,lmelson1c@goo.gl,1,+963 244 154 5377
50,Dex McKeand,CyZXSCT,dmckeand1d@fastcompany.com,1,+62 640 896 5891
51,Fidel Wilbud,633ntcuOz,fwilbud1e@dion.ne.jp,1,+86 758 740 0963
52,Allianora McAline,nTwAdoe4,amcaline1f@earthlink.net,1,+974 130 794 5726
53,Ezequiel Frazer,TPGa6zSdA8,efrazer1g@slate.com,1,+81 522 431 5973
54,Tiffie Maunton,DTzyVyyxalJs,tmaunton1h@etsy.com,1,+63 446 775 2879
55,Shelley Sleeman,4cNChOj54ccJ,ssleeman1i@w3.org,1,+381 937 545 3179
56,Barbe Monsey,1RUqKMsz,bmonsey1j@buzzfeed.com,1,+252 246 419 3094
57,Glendon Ley,HnczcA5PzI,gley1k@networkadvertising.org,1,+420 128 283 8147
58,Raul Dunlea,6710ywte3NRa,rdunlea1l@icq.com,1,+351 986 997 9183
59,Reamonn Rorke,m7ot4ElJO,rrorke1m@yolasite.com,1,+86 116 531 4071
60,Becka Rome,yM5twnb,brome1n@privacy.gov.au,1,+34 885 360 4814
61,Philomena Pikett,JFI9JMv,ppikett1o@delicious.com,1,+63 408 228 7545
62,Almire Oldfield,ZBSR0IMsRy,aoldfield1p@nymag.com,1,+86 918 439 2753
63,Ody McGreil,qUjVjDPZp,omcgreil1q@theatlantic.com,1,+55 589 381 1156
64,Carleton McQuirter,80u5yp,cmcquirter1r@wiley.com,1,+86 582 401 3528
65,Martynne Aberdein,d6iReI8,maberdein1s@reddit.com,1,+33 759 593 9957
66,Bernadine Oxborrow,VzZwfaG,boxborrow1t@livejournal.com,1,+358 615 736 4438
67,Rosita Lander,Z2ynAqyoZBtI,rlander1u@csmonitor.com,1,+86 408 683 6049
68,Freddy Gunthorpe,WTepou,fgunthorpe1v@merriam-webster.com,1,+222 390 449 2571
69,Orelie Ingliby,ZXXKiSLNM4Nf,oingliby1w@geocities.jp,1,+7 696 156 4495
70,Pauly Greenway,IxjVxYnLeRcB,pgreenway1x@behance.net,1,+86 113 236 0976
71,Rhetta McAnulty,68lWPtijwtd,rmcanulty1y@1und1.de,1,+47 219 999 9105
72,Haven Mohan,2mRqre,hmohan1z@archive.org,1,+383 839 726 1153
73,Nickolai Oolahan,4C6FGj1e,noolahan20@nasa.gov,1,+57 420 328 4528
74,Judi Roger,4h3r0t,jroger21@mlb.com,1,+86 706 223 7343
75,Lefty Hefferan,cvmEkM,lhefferan22@webs.com,1,+380 433 759 4034
76,Gibb Lowndes,52bKjx,glowndes23@gov.uk,1,+48 299 401 6091
77,Lorinda Royse,xwjPyQ,lroyse24@dion.ne.jp,1,+242 302 322 4045
78,Goober Mackie,A9eouSYpcf,gmackie25@indiatimes.com,1,+52 962 272 6651
79,Sherlocke Raoult,xSAJzfKu0Z,sraoult26@nhs.uk,1,+63 437 814 5508
80,Mufi Reisenberg,JJUhIDCf,mreisenberg27@kickstarter.com,1,+60 253 675 4729
81,Bryana Ginity,INMGcSu0qxie,bginity28@feedburner.com,1,+260 649 603 7982
82,Ferne Piser,c8KXLpuE,fpiser29@ocn.ne.jp,1,+967 952 401 8822
83,Christy Wybrew,oZt7jAqk0nG1,cwybrew2a@prnewswire.com,1,+420 391 336 6539
84,Philbert Babbs,ePWti8oXO,pbabbs2b@si.edu,1,+355 589 926 5685
85,Phillie Naper,RmrbizysX,pnaper2c@home.pl,1,+48 456 704 8966
86,Ellyn Cavendish,FKLaDB,ecavendish2d@chronoengine.com,1,+86 619 252 3464
87,Mackenzie Stanyard,NPdxekos1OOp,mstanyard2e@oakley.com,1,+48 794 691 4971
88,Allie Golda,7uDl0eJHYbK,agolda2f@google.pl,1,+86 460 582 7206
89,Danell Le Blond,PNpw0vF9ww,dle2g@statcounter.com,1,+86 785 552 7973
90,Jenda Juniper,m3Sgaut,jjuniper2h@dot.gov,1,+993 511 165 4902
91,Ida Eborn,YcwOYcSLLs,ieborn2i@1und1.de,1,+1 736 778 8157
92,Nat Agastina,q45DbpLzZOvJ,nagastina2j@stumbleupon.com,1,+66 781 402 8335
93,Fayina Klebes,aUXf3eHVf,fklebes2k@dailymotion.com,1,+7 225 540 5139
94,Krystle Le Grand,RSSIDngqkL,kle2l@angelfire.com,1,+66 542 609 1740
95,Chicky Schowenburg,s53oz8,cschowenburg2m@cbc.ca,1,+380 627 309 2868
96,Raul Lashmar,ZJVRHsJF2z,rlashmar2n@ycombinator.com,1,+7 283 788 5102
97,Tessa Uc,BP9PYNYyY,tuc2o@tmall.com,1,+46 216 786 0836
98,Bailie Greenley,91BVxdHaXyS,bgreenley2p@umich.edu,1,+62 483 176 8208
99,Barret Thicking,dUuQ0b3,bthicking2q@tamu.edu,1,+62 948 718 8947
100,Florance Olenichev,rleEcP46f,folenichev2r@tmall.com,1,+30 214 867 4833
101,Lenna Howton,n65OfchgDIlz,lhowton2s@unc.edu,1,+385 619 152 9635
102,Johnathan Newark,nXt6IvdNzA,jnewark2t@washington.edu,1,+62 122 876 5207
103,Fabian Eyckelbeck,Uu9htb,feyckelbeck2u@drupal.org,1,+57 117 901 6312
104,Tammy Rodolico,6EtR0KcjmfTc,trodolico2v@ox.ac.uk,1,+62 519 765 7980
105,Elyssa Defond,h2Xm44UUP,edefond2w@senate.gov,1,+51 430 492 7514
106,Shamus Kingswood,j2UhCtBmBA,skingswood2x@smugmug.com,1,+54 690 189 0700
107,Killie Sprionghall,swKSRWT,ksprionghall2y@who.int,1,+57 324 514 9673
108,Dame Souza,3SmYNMZr,dsouza2z@businesswire.com,1,+30 500 766 9006
109,Lorrie O' Connell,v5KPmO,lo30@bloglovin.com,1,+46 416 304 8381
110,Baxter Cordsen,Ppqob0,bcordsen31@reference.com,1,+81 792 336 5502
111,Bunni Doctor,DOFY03,bdoctor32@google.cn,1,+33 375 612 5581
112,Stu McFadden,LOK7zKKdcr,smcfadden33@ycombinator.com,1,+86 644 539 6758
113,Alfy Overpool,tsquU80,aoverpool34@smh.com.au,1,+387 739 996 8258
114,Vivianna Pridgeon,0TxFmx9x2tlj,vpridgeon35@alexa.com,1,+7 402 299 8579
115,Jerry Perrelli,Uj7dde0Az7e,jperrelli36@goodreads.com,1,+1 970 737 6623
116,Nicki Pobjay,w8gTzjAu1Qq2,npobjay37@pcworld.com,1,+34 437 452 2328
117,Lauree Wathen,4KePhl0SMzIb,lwathen38@umn.edu,1,+998 981 894 2929
118,Abby Farlowe,MAYKiD,afarlowe39@ucla.edu,1,+7 759 680 7116
119,Tod Pennock,hfHmzJo,tpennock3a@buzzfeed.com,1,+86 811 124 6308
120,Josefa Gowdie,ITVYgxp1C,jgowdie3b@linkedin.com,1,+60 823 120 9490
121,Donaugh Anderl,n2Qu1aQ,danderl3c@lycos.com,1,+48 889 250 8854
122,Glynis Duffree,L9sc0j9a,gduffree3d@ning.com,1,+966 750 217 8858
123,Taber Collacombe,NsDTDy8,tcollacombe3e@sina.com.cn,1,+86 787 733 7063
124,Worth Witty,9BYDZnGo,wwitty3f@sphinn.com,1,+86 979 797 0241
125,Mercy Setford,EKyKumor9mre,msetford3g@google.ru,1,+1 526 649 7458
126,Rania Convery,axhykCF3u,rconvery3h@techcrunch.com,1,+385 761 612 1695
127,Mela Hanning,7oNNLGwqnW,mhanning3i@nasa.gov,1,+55 978 976 5959
128,Teodoor Suatt,9Ksfp0,tsuatt3j@admin.ch,1,+86 880 555 2310
129,Bryn Hulls,tgSDul,bhulls3k@rakuten.co.jp,1,+998 102 416 2502
130,Klement Norssister,v5BmE5,knorssister3l@feedburner.com,1,+62 217 594 5013
131,Garrott Pettis,MNwLPlwAF,gpettis3m@nbcnews.com,1,+62 855 846 7237
132,Theobald Easbie,p4liubWA,teasbie3n@bandcamp.com,1,+7 672 267 1438
133,Gerik Cordsen,075IbLTH1Kx,gcordsen3o@eepurl.com,1,+54 750 924 6731
134,Emlyn Spurett,U2fcVIGx8C,espurett3p@jugem.jp,1,+30 195 375 9816
135,Lynnet Tabourel,IftUwt4l,ltabourel3q@sogou.com,1,+48 507 162 6833
136,Pavla Babidge,flbl136R8,pbabidge3r@si.edu,1,+66 553 703 9543
137,Vyky Sclanders,nXgz1S,vsclanders3s@rediff.com,1,+48 407 795 2002
138,Janelle Screas,wsn3Pwlgqw,jscreas3t@skyrock.com,1,+963 975 870 2699
139,Hanan Baldam,Op348v4zdzF,hbaldam3u@icio.us,1,+385 981 955 3312
140,Orelee Degli Abbati,0soniPHd67l,odegli3v@wufoo.com,1,+253 550 423 9844
141,Coop Wainscoat,tfVkJGes9qq9,cwainscoat3w@spotify.com,1,+234 497 309 0965
142,Maurene Broomhall,Ajqk8iKSs06h,mbroomhall3x@ow.ly,1,+86 330 550 1951
143,Valerye Taylot,r2chM2Kyk,vtaylot3y@cdc.gov,1,+55 874 983 0311
144,Cathryn Petican,7rtykiw,cpetican3z@ask.com,1,+63 528 587 8393
145,Forrest Halson,dMOqUcp2,fhalson40@statcounter.com,1,+375 633 372 2962
146,Inessa Simons,Kdervc3F,isimons41@nature.com,1,+1 130 547 3003
147,Liesa Confait,c2gpHqCv,lconfait42@uol.com.br,1,+218 564 701 7887
148,Monika Wakenshaw,44gcxg,mwakenshaw43@oracle.com,1,+86 151 220 0689
149,Lorrie Willeson,P6rT7W3YL2YP,lwilleson44@webs.com,1,+7 362 423 2973
150,Meggie Gippes,uirxmFnxjzdD,mgippes45@usda.gov,1,+30 463 493 3994
151,Kris Moriarty,QR7nLYv,kmoriarty46@yale.edu,1,+86 773 860 0030
152,Crissy Cornes,N5HVLgf7S,ccornes47@livejournal.com,1,+591 671 292 5368
153,Conan Haddon,19M2ltYF,chaddon48@lycos.com,1,+420 236 780 9384
154,Justino Tritten,ooRXvFUFbUp,jtritten49@jugem.jp,1,+46 562 353 0022
155,Amelita Hallen,uvl7QP8Mq0,ahallen4a@state.gov,1,+260 569 690 9975
156,Red Anstie,jL12y4Jz42,ranstie4b@nationalgeographic.com,1,+55 780 901 2882
157,Farica Englishby,yTzliKf6HE,fenglishby4c@mit.edu,1,+86 845 786 3620
158,Ozzy Skett,Vn9zRd3h9f,oskett4d@xinhuanet.com,1,+54 238 974 2363
159,Amber Birkbeck,ZujTrUB7,abirkbeck4e@ocn.ne.jp,1,+509 973 208 2394
160,Ad Areles,2STck0uMu,aareles4f@mozilla.com,1,+241 421 810 3027
161,Alfie Faires,jHFHosxM,afaires4g@sitemeter.com,1,+86 765 709 9270
162,Darcie Fearnehough,6XlULht9,dfearnehough4h@epa.gov,1,+598 131 414 6662
163,Astrix Bardell,yGTjx5hpm,abardell4i@imgur.com,1,+86 473 415 9474
164,Allissa Weiss,Kj1sbCnhftN,aweiss4j@merriam-webster.com,1,+30 243 951 7310
165,Rodney Buffery,OBDnCtZDl,rbuffery4k@redcross.org,1,+86 235 957 5231
166,Tristan Gert,ItKTX8BKIjW,tgert4l@yelp.com,1,+86 121 783 3562
167,Stephie Airton,EhgcoRpczU,sairton4m@symantec.com,1,+48 514 221 8914
168,Ketty Creaser,XTHeTnB,kcreaser4n@archive.org,1,+269 495 903 9629
169,Rodie Normanville,JlVkFTyvQ4Y,rnormanville4o@cnbc.com,1,+58 770 481 0312
170,Batsheva Basek,qcaVZg,bbasek4p@de.vu,1,+977 875 659 3571
171,Kendal Piatto,oxHI8nWMm,kpiatto4q@virginia.edu,1,+504 543 352 8395
172,Egor Orrey,P1IKdxcW,eorrey4r@opera.com,1,+62 240 603 9523
173,Raffarty Winckworth,WcuhqX0qGr,rwinckworth4s@lulu.com,1,+389 937 131 9593
174,Gusella Crone,GOkvFuLwcg,gcrone4t@diigo.com,1,+62 972 195 5253
175,Brittani Scud,tTbzO1G2Bm,bscud4u@usatoday.com,1,+996 654 873 7874
176,Devin Glashby,haJ7ptW,dglashby4v@washington.edu,1,+84 116 745 2022
177,Ashely Chainey,jXqEMw0sYBu,achainey4w@amazon.co.uk,1,+33 235 730 6349
178,Dael Twigge,jt3mFtDmf6v,dtwigge4x@who.int,1,+7 202 142 4207
179,Rollie Briton,4K8ccSP,rbriton4y@army.mil,1,+420 653 382 9167
180,Hyman Arno,oDXQRTFi,harno4z@tinypic.com,1,+351 102 708 2221
181,Shoshanna Kirman,X7leDpHHseL,skirman50@dropbox.com,1,+56 128 215 0030
182,Dorisa Marion,nUUp0Thmm,dmarion51@elegantthemes.com,1,+51 365 602 0851
183,Zandra Timbrell,PCzx0KLLJ,ztimbrell52@bluehost.com,1,+86 926 826 1612
184,Anne-marie Reedy,wsI2pc4tk,areedy53@fda.gov,1,+1 510 405 0969
185,Vinny Paddie,LI0kzY,vpaddie54@ocn.ne.jp,1,+225 881 889 4233
186,Cristabel Udie,DElxBWvRK,cudie55@edublogs.org,1,+56 470 514 8276
187,Francois Ricciardelli,zdx9Hv44,fricciardelli56@icio.us,1,+46 145 369 9848
188,Peggy Ofener,Ie0VNwTix6X,pofener57@wufoo.com,1,+62 935 959 5940
189,Web Nias,OxJd0v5C,wnias58@hexun.com,1,+351 225 298 3354
190,Midge MacTeague,hePn6V,mmacteague59@go.com,1,+60 518 445 9288
191,Pam Godney,kCHEUOniPGh,pgodney5a@engadget.com,1,+351 340 100 8602
192,Rurik Gayther,0qSRJeXjjzGB,rgayther5b@indiegogo.com,1,+86 933 316 4570
193,Grayce Bussey,8D0w6Raj8mJH,gbussey5c@nhs.uk,1,+1 198 583 3365
194,Had Sarfass,peUEnpGFD6b,hsarfass5d@yellowbook.com,1,+62 884 146 9508
195,Katrina Jacobowicz,I53xGMJdGU,kjacobowicz5e@scientificamerican.com,1,+54 710 237 4701
196,Maryl Niesegen,P9H71i,mniesegen5f@mapquest.com,1,+46 486 491 6754
197,Terence Ickovic,yDPuBuJUsHT,tickovic5g@wikipedia.org,1,+994 398 889 1669
198,Sosanna Richemont,nYBS3oPZ8svm,srichemont5h@cafepress.com,1,+251 690 223 3412
199,Isidro Tennant,13YzekgGxWA2,itennant5i@networkadvertising.org,1,+62 451 595 6546
200,Thacher O'Dunneen,tRIqAOannMuJ,todunneen5j@narod.ru,1,+86 696 497 9169
201,Basilio Hanbridge,jvAA1VB,bhanbridge5k@google.com.br,1,+62 405 493 8952
202,Mathias Daudray,YiXqMG4Ck,mdaudray5l@uiuc.edu,1,+57 642 472 8952
203,Angelita Clemintoni,C3cIRU8,aclemintoni5m@netvibes.com,1,+33 197 779 8094
204,Salomone Bare,go9DgXu0fq,sbare5n@slate.com,1,+33 616 767 6146
205,Pierrette Damarell,NlfL0H,pdamarell5o@jugem.jp,1,+62 409 314 0236
206,Barbara-anne Leonarde,RUEUmxY4,bleonarde5p@bluehost.com,1,+355 106 208 2630
207,Mirelle Botterell,08st8BgzcTg,mbotterell5q@theglobeandmail.com,1,+55 151 691 9833
208,Lyon Maillard,cTRujo,lmaillard5r@cdbaby.com,1,+86 371 954 4236
209,Emilio Swinglehurst,hr2qUdQXWk,eswinglehurst5s@ed.gov,1,+86 936 790 3672
210,Stephanie Beardsworth,Drh1aFldL1,sbeardsworth5t@elegantthemes.com,1,+86 794 903 5247
211,Gilbertina De Roeck,Jc6lhwlG,gde5u@state.gov,1,+86 775 789 6983
212,Abramo Benfell,834Wva,abenfell5v@exblog.jp,1,+51 536 743 7571
213,Jeni Taffe,HqA2K8EHMkAK,jtaffe5w@ucsd.edu,1,+593 803 359 6359
214,Magda Bugdall,SEg9UPZk3ed,mbugdall5x@hostgator.com,1,+46 924 626 2711
215,Raviv Maymand,DCiSaJ,rmaymand5y@weather.com,1,+46 971 845 4185
216,Emmott Pentecost,4WoWAWl,epentecost5z@cmu.edu,1,+263 287 281 3828
217,Yevette Tabart,FVK6BrIOYmb,ytabart60@blogtalkradio.com,1,+30 121 937 9119
218,Guntar McGeaney,djbjrbTP6Q,gmcgeaney61@merriam-webster.com,1,+256 749 504 4034
219,Theresa Brastead,FWZx58wVBOoU,tbrastead62@abc.net.au,1,+86 795 345 1946
220,Scarlet Farley,w5vtuKY,sfarley63@lulu.com,1,+52 503 496 1210
221,Ruthe Syrad,6NH3BxPzmScR,rsyrad64@msn.com,1,+33 755 501 1477
222,Shelley Studdard,OjwHUQV4,sstuddard65@fotki.com,1,+62 334 921 0791
223,Roselin Doret,7541uLMOUAx,rdoret66@plala.or.jp,1,+55 322 356 7186
224,Hayyim Arnli,rVwi1ApJ,harnli67@merriam-webster.com,1,+66 225 736 4718
225,Rahal Spears,Nd0gvesnZbm,rspears68@wp.com,1,+507 437 712 8415
226,Filia Clitherow,9m0P7ktOU,fclitherow69@spotify.com,1,+62 642 378 3154
227,Clevey Summerscales,La4mVrcIYh,csummerscales6a@examiner.com,1,+30 483 768 1472
228,Parke Cosby,lf6BQ4YdWTkT,pcosby6b@jimdo.com,1,+86 443 572 0065
229,Tyler Rohfsen,dQVJiZODLu,trohfsen6c@globo.com,1,+234 719 260 3281
230,Felicle Fonzo,Ss5Xmrc,ffonzo6d@tamu.edu,1,+86 472 130 4482
231,Braden Alsford,gVPs5n2,balsford6e@arizona.edu,1,+967 210 586 2706
232,Maribel Messenger,7DWNGaakG1,mmessenger6f@businesswire.com,1,+30 464 929 3227
233,Logan Rothon,w9m3vaLIx34,lrothon6g@cnn.com,1,+86 645 663 6368
234,Batsheva Pellant,VcKvARyq1,bpellant6h@economist.com,1,+55 475 242 2796
235,Ring McCook,Ju5Aai7V4MEK,rmccook6i@google.com.hk,1,+62 988 740 7938
236,Letizia Grimmer,bL7NfyTp,lgrimmer6j@creativecommons.org,1,+1 321 159 2749
237,Gaile Finnick,RAfv8VIpTR,gfinnick6k@istockphoto.com,1,+51 979 329 5216
238,Dorine Ruvel,jxmeWzScVxk,druvel6l@reuters.com,1,+54 960 176 7621
239,Ferd Tuplin,et22TdY,ftuplin6m@mediafire.com,1,+49 574 516 8137
240,Lynelle Chrismas,XciJ5SfMU,lchrismas6n@pinterest.com,1,+505 582 187 1147
241,Murdoch Josovitz,flGKDLcoui4,mjosovitz6o@icio.us,1,+34 659 508 9697
242,Tarrance Bedder,87YfaNVX,tbedder6p@indiatimes.com,1,+7 303 815 6714
243,Isaac Penhalurick,NubIY2kQ,ipenhalurick6q@soup.io,1,+351 925 690 9755
244,Gustavo Troutbeck,so6MZSn,gtroutbeck6r@paginegialle.it,1,+63 421 680 2739
245,Ashely De Blasio,66b66qWNbN,ade6s@ezinearticles.com,1,+62 180 525 5578
246,Hall D'Alessio,6Af6DtSP,hdalessio6t@buzzfeed.com,1,+30 119 819 1634
247,Nap Wilderspoon,DXqqSS0Wr,nwilderspoon6u@xinhuanet.com,1,+60 306 691 5145
248,Jaclyn O'Beirne,HBzwN1vWWkV,jobeirne6v@ihg.com,1,+54 441 138 9285
249,Harli Byng,vky4z7fclTB,hbyng6w@paginegialle.it,1,+86 347 693 7365
250,Elyse Tirkin,eaAEroMStp,etirkin6x@tripod.com,1,+62 164 506 6886
251,Bud Sultana,FtixVmYRa,bsultana6y@myspace.com,1,+994 252 420 9392
252,Vernice People,sL1LGVUo4,vpeople6z@nydailynews.com,1,+48 883 606 0075
253,Gunther Orys,kEXTcui2,gorys70@sun.com,1,+506 977 917 2251
254,Malachi Elden,u6mh1J3,melden71@fema.gov,1,+63 280 468 1638
255,Uriah Schoenfisch,KNEgXxsH0W,uschoenfisch72@purevolume.com,1,+351 135 595 2864
256,Rodrique Truggian,nz5R6H3,rtruggian73@nsw.gov.au,1,+62 796 523 7742
257,Gwendolen Cristol,Rswo46UV4c,gcristol74@cmu.edu,1,+62 128 904 4954
258,Parnell Bolland,rXA9QSim1YEG,pbolland75@facebook.com,1,+86 816 715 0374
259,Catie Zavattari,cRkjmMisQcFM,czavattari76@clickbank.net,1,+86 338 513 2140
260,Hillary Edscer,1LBtkROM7B,hedscer77@1und1.de,1,+62 593 290 4314
261,Scarlet Sawley,S3SS0TIJG,ssawley78@economist.com,1,+381 999 119 8307
262,Nelli Penrice,mute2n3J,npenrice79@ed.gov,1,+33 702 268 6868
263,Sashenka Wrennall,4QGxaTv2NP,swrennall7a@mac.com,1,+30 470 994 6240
264,Kimmi Hollyman,xQ3FRsRMh,khollyman7b@mlb.com,1,+63 758 113 1770
265,Gwendolen Towll,GyK4id,gtowll7c@cbslocal.com,1,+62 372 159 2929
266,Diane-marie Hallitt,bYNhMD,dhallitt7d@bizjournals.com,1,+63 558 319 2006
267,Darsie Norheny,dDqjNQM4D,dnorheny7e@pbs.org,1,+66 417 125 5436
268,Locke Cromb,NG9xP9,lcromb7f@foxnews.com,1,+7 173 966 1779
269,Tadeas Abrahami,HubQtj3tCL9,tabrahami7g@marketwatch.com,1,+86 552 143 3408
270,Rozanne Braisted,KPc5ICVS2E,rbraisted7h@dropbox.com,1,+63 993 162 2032
271,Austen Manifield,ulVQhCF1REs,amanifield7i@multiply.com,1,+62 808 674 0860
272,Maddi Lehon,nAthSLc,mlehon7j@senate.gov,1,+223 497 986 4774
273,Arleyne Mithon,FSrg4Ai,amithon7k@google.com,1,+966 382 996 3711
274,Claudina Serraillier,8XvI86,cserraillier7l@livejournal.com,1,+56 780 494 1627
275,Siobhan Bus,YGrJqLJ7q,sbus7m@unc.edu,1,+63 390 230 9543
276,Merle Bonus,E4dTdBICaq,mbonus7n@desdev.cn,1,+31 609 358 4496
277,Glen Barabich,4w82L9WdW,gbarabich7o@nydailynews.com,1,+373 739 834 9084
278,Hendrika Stebbings,tIWcnAT,hstebbings7p@about.com,1,+66 148 998 6352
279,Hillel Sandle,rNaLQgFwG,hsandle7q@abc.net.au,1,+62 704 876 4943
280,Josephine Toop,77dRm0zxLejE,jtoop7r@twitpic.com,1,+86 751 510 0451
281,Farris Chitter,47xmTqp,fchitter7s@ox.ac.uk,1,+62 522 455 9729
282,Myrtia Seeley,cieOXd,mseeley7t@weebly.com,1,+351 639 591 5327
283,Humphrey Maden,Xj8I28EuaR,hmaden7u@cpanel.net,1,+62 129 825 8267
284,Shel Grandison,fJfsAyrB,sgrandison7v@phpbb.com,1,+992 271 102 9032
285,Rainer Condliffe,jGGq0p,rcondliffe7w@patch.com,1,+62 455 269 6975
286,Haily Belsher,fWwgGnRyN,hbelsher7x@patch.com,1,+387 757 819 0600
287,Tab Fookes,d2OEgZ6H6fHR,tfookes7y@hc360.com,1,+63 295 806 1288
288,Lucilia Fobidge,j5rik9ffh,lfobidge7z@yahoo.com,1,+30 995 576 7506
289,Zita Clawe,sjWfMbgm4U3t,zclawe80@ebay.co.uk,1,+57 663 842 0581
290,Lyle Gillebride,ntr1LHSSPz,lgillebride81@mlb.com,1,+7 485 551 5409
291,Damon Peeke,lh6X62lJzb3,dpeeke82@hp.com,1,+63 439 313 0986
292,Hermia Emett,CWic8MdQS8j,hemett83@rambler.ru,1,+86 990 179 8576
293,Lynnet Martinets,IH8PYM6K2l3,lmartinets84@senate.gov,1,+1 217 838 6238
294,Sonya Messer,IQeKacFs0Ev,smesser85@deliciousdays.com,1,+63 662 559 8974
295,Daphene Gwilt,R5VOnYBO,dgwilt86@gnu.org,1,+93 232 996 2066
296,Karen Lowater,FatRs7kB,klowater87@yellowbook.com,1,+62 142 836 1122
297,Thalia Morrowe,oG7tDN26KIF,tmorrowe88@ucsd.edu,1,+62 909 470 8976
298,Virgina O'Siaghail,Jan5J18,vosiaghail89@scribd.com,1,+93 960 871 8515
299,Beauregard Giacoppoli,QAdm4V,bgiacoppoli8a@google.com.hk,1,+86 225 411 7648
300,Audry Cater,XGP1jbVSE,acater8b@tumblr.com,1,+86 731 774 9608
301,Natalee Pankhurst.,BbouR3DM90,npankhurst8c@mozilla.com,1,+86 334 395 6451
302,Beatrisa Le Huquet,2reqxp,ble8d@dropbox.com,1,+1 334 941 4480
303,Purcell de Verson,lVxq280OB8,pde8e@columbia.edu,1,+49 535 533 8336
304,Rochella Coppins,8u7M4Dtc,rcoppins8f@netscape.com,1,+86 654 198 8444
305,Meier Stowell,nCvbgNp,mstowell8g@usa.gov,1,+33 695 606 1347
306,Concettina Wallsam,Tn4fqHhWwb,cwallsam8h@si.edu,1,+48 687 730 1288
307,Freda Cathie,6Bb8ecV6YMrq,fcathie8i@jigsy.com,1,+86 532 969 7886
308,Kira Toke,6ySfhREqJk,ktoke8j@ning.com,1,+357 649 747 8513
309,Katine Fann,VIvHsDr4L4,kfann8k@sciencedaily.com,1,+33 881 114 7131
310,Sonnnie Goadby,CdbRWd,sgoadby8l@sbwire.com,1,+86 154 446 9856
311,Lexy Boyse,lXUXzb5GTzp1,lboyse8m@google.com,1,+62 122 932 7418
312,Truda Mourton,2uBqYPh8T,tmourton8n@digg.com,1,+86 555 762 6327
313,Kip Ketchell,fEGwHW,kketchell8o@ucla.edu,1,+1 650 801 6134
314,Gun Beevis,GmyzAKgcYNmH,gbeevis8p@gizmodo.com,1,+62 106 559 4303
315,Falito Elnough,iF6zUwUlJb,felnough8q@tinyurl.com,1,+7 338 570 4418
316,Hieronymus Helbeck,6eAB9pxzJ,hhelbeck8r@narod.ru,1,+52 737 742 3706
317,Antonin Ginnelly,9ctam1s,aginnelly8s@parallels.com,1,+84 783 371 4721
318,Sydel Mattessen,pl7jM1zi,smattessen8t@parallels.com,1,+86 135 912 3626
319,Aaren Dryden,5ocYkZD6x,adryden8u@github.com,1,+351 941 174 2115
320,Eduard Sprouls,QQd4rCA,esprouls8v@whitehouse.gov,1,+48 722 636 6504
321,Gwynne Derricoat,TeabI9YnyLOK,gderricoat8w@opera.com,1,+63 614 235 2014
322,Ainslie Lesaunier,oO5vzMZvUeU,alesaunier8x@free.fr,1,+86 800 382 1097
323,Lambert Aitken,PRBhMClmPj4,laitken8y@yellowbook.com,1,+86 250 444 5199
324,Tynan Shorland,QaEksV1F5C,tshorland8z@posterous.com,1,+62 727 376 7045
325,Edouard Grint,yXEW8U63Jr,egrint90@geocities.com,1,+55 219 924 3532
326,Imogene Wardesworth,yCaKC8ybE,iwardesworth91@webmd.com,1,+1 503 980 5583
327,Sharline Monteath,Zpy5jePDh,smonteath92@ox.ac.uk,1,+7 846 286 3767
328,Loy Jessup,PPiadjz,ljessup93@squidoo.com,1,+46 530 615 9227
329,Mac Pinare,FeeVlDGa9uq,mpinare94@google.pl,1,+598 285 638 6816
330,Natalina Romain,ZWRd14G3uMK,nromain95@ox.ac.uk,1,+86 233 199 7241
331,Florenza Lutzmann,6dwKBty,flutzmann96@biglobe.ne.jp,1,+216 439 693 3974
332,Brandtr Beekmann,PIvABk,bbeekmann97@archive.org,1,+31 232 246 0860
333,Myca Yepiskov,ouBoQRTH0a,myepiskov98@hatena.ne.jp,1,+86 858 845 2162
334,Urban Cranmere,u3ckQbJMBSkX,ucranmere99@noaa.gov,1,+998 928 409 3345
335,Robinet Melloy,JSycip4x,rmelloy9a@youtu.be,1,+86 799 150 1653
336,Mauricio Eilhertsen,fvSxV8,meilhertsen9b@clickbank.net,1,+62 480 474 1553
337,Wiley Peatman,zwVLxo7h,wpeatman9c@columbia.edu,1,+351 796 677 6553
338,Betteann Shills,2dLjaaTuzf,bshills9d@istockphoto.com,1,+55 443 776 1846
339,Emlynne Goggen,T2eMAcaaO,egoggen9e@google.nl,1,+7 762 148 8577
340,Aili Rahl,fjEVZ3,arahl9f@ucoz.com,1,+358 935 764 4352
341,Millie Kohrs,hVTajXriW1I,mkohrs9g@nature.com,1,+57 189 512 9854
342,Mariann Pedri,sEyuk0d8pu,mpedri9h@washington.edu,1,+54 325 523 3134
343,Darci Bales,UNiJ4FyOpl00,dbales9i@posterous.com,1,+63 274 804 4960
344,Robbi Pallent,hoFVNp,rpallent9j@ucla.edu,1,+20 251 359 0627
345,Esther Markos,PKPfZC,emarkos9k@sogou.com,1,+1 518 803 8258
346,Virginia Dulwich,NIjFRy,vdulwich9l@livejournal.com,1,+86 659 860 0594
347,Oswell Hoggins,FmV2lZwBj0,ohoggins9m@mac.com,1,+48 905 254 5289
348,Merrily Haslin,94i5DNpm,mhaslin9n@who.int,1,+62 414 617 8508
349,Nil McNickle,wfUqdF,nmcnickle9o@vimeo.com,1,+62 509 944 8514
350,Osbourn Florio,pC3uo5a8,oflorio9p@nba.com,1,+389 368 452 6599
351,Mari Renbold,figmIL1,mrenbold9q@ovh.net,1,+86 198 915 1790
352,Nananne Bradbrook,S86tHpr,nbradbrook9r@ezinearticles.com,1,+507 518 899 2665
353,Conway Hessay,z28KUu3Xnrh,chessay9s@artisteer.com,1,+353 279 671 9278
354,Orsola Camois,q7z2bH1Yz,ocamois9t@geocities.com,1,+33 221 104 6796
355,Janel Crush,n1mGZhCJVQ,jcrush9u@thetimes.co.uk,1,+420 508 668 1599
356,Lin Bownas,hy0Q5OSMXEk,lbownas9v@furl.net,1,+86 637 585 7386
357,Teri Lemarie,d3IhiPnrL5,tlemarie9w@github.io,1,+55 526 153 1991
358,Rebekah Johncey,LhfFOu332g,rjohncey9x@addthis.com,1,+27 686 528 6913
359,Heall Edleston,5PCl93,hedleston9y@washington.edu,1,+46 215 446 5325
360,Etheline Noddings,zIvOWq,enoddings9z@loc.gov,1,+86 382 310 6458
361,Vachel Fitzackerley,wrnNX9a,vfitzackerleya0@yahoo.com,1,+33 921 869 1001
362,Damara Simmings,WP6lmT,dsimmingsa1@reuters.com,1,+7 330 389 7807
363,Jacinthe Barwis,xxrEiGj6,jbarwisa2@naver.com,1,+86 124 511 1746
364,Bambi Olczyk,wWrYXgVr6tqi,bolczyka3@sitemeter.com,1,+33 357 252 9362
365,Clerissa Absolem,XEa0qkIgs,cabsolema4@geocities.com,1,+27 487 141 6277
366,Ewen Twizell,gTb23DQjaTV4,etwizella5@ucoz.ru,1,+48 884 934 3613
367,Cointon Semrad,U9mTAb,csemrada6@amazonaws.com,1,+57 551 341 6256
368,Meade Hallett,dQxo76PTA,mhalletta7@weibo.com,1,+7 961 896 3830
369,Thekla Mockford,RDKwEfuc,tmockforda8@hc360.com,1,+86 433 196 5546
370,Fonsie Sedgemond,ZV8ChDtq9D7i,fsedgemonda9@sohu.com,1,+86 944 854 9468
371,Mandie Jelks,g5beGp,mjelksaa@wikipedia.org,1,+44 837 489 1172
372,Giraud Dartnall,NMu7ho,gdartnallab@jimdo.com,1,+55 351 997 4471
373,Pearla Oxborrow,lShHiJqPs83,poxborrowac@icq.com,1,+86 273 469 3503
374,Lynette Hardern,CU4whZ,lhardernad@usgs.gov,1,+62 236 124 5831
375,Hale Swate,kXkMdhL2,hswateae@illinois.edu,1,+7 479 412 4023
376,Hugues Bullion,zxB1OgcD,hbullionaf@house.gov,1,+63 798 984 6515
377,Cassy Odlin,vLRdPB7LwkCQ,codlinag@youtube.com,1,+595 618 930 0123
378,Julia Britian,ojUP43cs,jbritianah@china.com.cn,1,+62 189 455 3450
379,Alica Torel,CKSHsy7i,atorelai@goo.ne.jp,1,+351 173 445 3612
380,Janene Durbyn,URzvBr8NJXF,jdurbynaj@sciencedaily.com,1,+66 829 117 6367
381,Dael Isaksson,yXuWMYrgOo,disakssonak@altervista.org,1,+86 149 168 6671
382,Reynolds Corsham,ARzEJCEF6,rcorshamal@spiegel.de,1,+55 271 470 4838
383,Brandtr Zarb,YXpDlt,bzarbam@gnu.org,1,+55 744 462 9702
384,Borden Serchwell,bHsoRiyEcNW,bserchwellan@blogger.com,1,+62 982 211 0124
385,Ode Sinnock,11FhEd,osinnockao@rambler.ru,1,+680 421 853 6261
386,Valida Marcham,2yfg1YysJR,vmarchamap@hp.com,1,+63 278 649 9485
387,Chen Mountcastle,dtl9zkyj7w1E,cmountcastleaq@businesswire.com,1,+7 773 259 4185
388,Bearnard Chatainier,YlJNlh6,bchatainierar@alibaba.com,1,+57 443 121 2001
389,Loy Landsberg,G77ZAV,llandsbergas@kickstarter.com,1,+48 301 734 4470
390,Rivi Filov,WIgCLRp,rfilovat@wsj.com,1,+386 297 770 7033
391,Johnnie Scothron,JDyIvT8sbDIL,jscothronau@yellowpages.com,1,+46 645 406 4477
392,Shirlene Stirrip,OT3f4TC4GmV,sstirripav@google.de,1,+86 615 580 5575
393,Hamlen Axcell,PPluTqGfQ,haxcellaw@prnewswire.com,1,+265 198 712 1040
394,Keefe Deny,kB8SHFKJ,kdenyax@blogger.com,1,+86 840 593 1025
395,Gipsy Fiddler,znBgMYoYY3p,gfiddleray@microsoft.com,1,+972 793 613 7982
396,Collin Chalker,RngURsuhZb,cchalkeraz@newsvine.com,1,+86 253 453 1599
397,Carlos Kerrigan,Ut5t8hGz,ckerriganb0@bloglines.com,1,+31 635 160 2262
398,Nata Parris,bgfFns,nparrisb1@mac.com,1,+33 520 738 4299
399,Gabriel Wraxall,rLXzfqJlW,gwraxallb2@blinklist.com,1,+420 871 913 8426
400,Karie Matchett,1MEQnv67S,kmatchettb3@lulu.com,1,+86 970 900 2002
401,Malissia Arnoud,FPkr7a0,marnoudb4@mtv.com,1,+86 670 172 1668
402,Valeda Larkin,DghFskA7n4iR,vlarkinb5@google.co.jp,1,+86 982 724 8146
403,Jeane Trevorrow,rEeee7T3FapO,jtrevorrowb6@apple.com,1,+46 339 424 2791
404,Terry Enderby,Kv6Dbrs2Ek,tenderbyb7@indiatimes.com,1,+352 372 747 6223
405,Dan Band,NCoeZTqbA,dbandb8@nih.gov,1,+976 192 501 4662
406,Jacky Springthorp,xVZ0BR,jspringthorpb9@cornell.edu,1,+62 444 689 1006
407,Izaak Paumier,Ywjj0b,ipaumierba@state.tx.us,1,+7 512 422 1163
408,Rollins Leasor,ddrLUVYJZm,rleasorbb@usatoday.com,1,+351 781 152 6708
409,Chelsea Tunbridge,c0w7hyeiOAtS,ctunbridgebc@cdc.gov,1,+359 818 976 3685
410,Cari Bertwistle,sl5tbVgc,cbertwistlebd@wired.com,1,+62 425 536 4464
411,Frederica Ennever,VjgMHlI,fenneverbe@reverbnation.com,1,+255 221 771 4514
412,Sandye Parmer,Bt0fKjl5,sparmerbf@theguardian.com,1,+963 829 982 0716
413,Marjie Landrick,FZ0vKQQHS,mlandrickbg@youtu.be,1,+86 413 389 9479
414,Karleen Haining,GLl1jM,khainingbh@moonfruit.com,1,+380 441 376 5523
415,Ky Bartczak,6m1a5P,kbartczakbi@angelfire.com,1,+291 427 387 9955
416,Susette Heninghem,8L2W49uY8bsC,sheninghembj@jiathis.com,1,+380 570 488 2769
417,Casper Defew,aLyDAYfdmgo,cdefewbk@addthis.com,1,+351 636 265 5693
418,Joanne Boseley,CkSbSx44VDf1,jboseleybl@ehow.com,1,+51 629 698 9302
419,Benn Sandeman,ovkMCTYDqB,bsandemanbm@wikipedia.org,1,+1 954 844 1164
420,Brietta Dauney,nsR5Ee,bdauneybn@guardian.co.uk,1,+381 216 618 3477
421,Dorrie Cawse,QxS2zee,dcawsebo@typepad.com,1,+962 413 472 1348
422,Lainey Reichardt,4knoUfAOyeiv,lreichardtbp@foxnews.com,1,+353 194 847 5459
423,Nobe Benfell,3fahUj7,nbenfellbq@jimdo.com,1,+1 481 169 1263
424,Ruth Mompesson,dTUALAbZg8,rmompessonbr@spiegel.de,1,+52 310 522 9280
425,Willem Valett,IXR40L69ibwI,wvalettbs@latimes.com,1,+420 278 744 6469
426,Roland Rodolfi,No5xoD,rrodolfibt@acquirethisname.com,1,+420 143 100 5523
427,Myles Ellson,0OyTqffICxKz,mellsonbu@howstuffworks.com,1,+1 301 477 4235
428,Francesco Keat,xkrSNFVlMD,fkeatbv@flavors.me,1,+86 756 676 3217
429,Derek Triebner,ct9ZWkzbOT5,dtriebnerbw@house.gov,1,+218 588 969 7073
430,Lewie Snarie,1XqSGVPs,lsnariebx@icio.us,1,+46 395 490 6882
431,Jdavie Gerin,n0KGDSfUCzF,jgerinby@irs.gov,1,+86 896 350 0986
432,Ramsey Casham,jHMdkXcJpu,rcashambz@infoseek.co.jp,1,+31 185 626 2479
433,Traci Mathivon,qpUCwf,tmathivonc0@about.com,1,+237 900 773 2386
434,Karmen Crutchley,Cvk0P9,kcrutchleyc1@topsy.com,1,+36 603 537 2169
435,Arleyne Thynne,mHDFb46oKyTS,athynnec2@nature.com,1,+62 566 396 0049
436,Leupold MacDonagh,atMvzuiKX,lmacdonaghc3@imgur.com,1,+66 570 140 1044
437,Dermot Koba,V2tatMRly,dkobac4@hexun.com,1,+55 275 795 2075
438,Estevan Westwick,o9g4aHy,ewestwickc5@prnewswire.com,1,+381 451 100 8793
439,Melinde Pawlata,iy3zam8ib,mpawlatac6@sciencedaily.com,1,+54 530 951 6542
440,Laraine Stryde,UkiIvt,lstrydec7@google.cn,1,+420 207 685 7891
441,Correy De Cleyne,HwPTU6xrvaZ,cdec8@livejournal.com,1,+86 899 943 2190
442,Wilt Hopfer,ugPhWy,whopferc9@github.io,1,+86 779 916 6426
443,Lynea Umpleby,rJy8mDwWdPw,lumplebyca@mysql.com,1,+1 210 673 6666
444,Stewart Andreucci,OjX0ENBsMBp1,sandreuccicb@vistaprint.com,1,+48 660 533 6915
445,Mab Goggins,gUED6w,mgogginscc@patch.com,1,+86 944 366 6105
446,Brianne Maddox,gY9e8l,bmaddoxcd@dmoz.org,1,+55 556 711 8043
447,Wayland Melesk,HSDKWIp,wmeleskce@who.int,1,+93 128 821 5471
448,Adrian Ebi,90dDHX7YjdR,aebicf@mashable.com,1,+86 732 248 3614
449,Ron Fowles,0SbbNUFTqHg,rfowlescg@un.org,1,+52 307 465 2943
450,Red Freshwater,WOzhjO0Wx,rfreshwaterch@statcounter.com,1,+62 449 770 5604
451,Elle Pessold,D7GSWepGFtc,epessoldci@examiner.com,1,+212 331 288 3876
452,Gerri Parrott,lPy5LxV,gparrottcj@weibo.com,1,+507 545 410 4550
453,Phillis Casterou,JDiaGi3,pcasterouck@homestead.com,1,+57 562 103 1704
454,Rusty Paull,JxArlMr2Ndv,rpaullcl@foxnews.com,1,+86 224 919 2468
455,Westbrook Smithson,mSNp4BPhrQl,wsmithsoncm@cbc.ca,1,+598 965 882 1723
456,Patience Cron,0Ox96v,pcroncn@umich.edu,1,+234 923 854 8101
457,Niko Clemetts,nSDeFwHdkcj,nclemettsco@w3.org,1,+56 711 336 2752
458,Clarey Wrankmore,cco8LS9mCO,cwrankmorecp@nifty.com,1,+66 554 178 9258
459,Filberte Kubasiewicz,c2nVAvRl,fkubasiewiczcq@desdev.cn,1,+86 432 835 6987
460,Zabrina Pinckney,5n6uls32,zpinckneycr@ed.gov,1,+92 497 387 6207
461,Maria Gerckens,o3x1Cr,mgerckenscs@cnbc.com,1,+502 370 499 2012
462,Godfree Way,CRHStft,gwayct@cyberchimps.com,1,+234 708 968 1367
463,Alexa Pottle,xI0TYDp,apottlecu@ibm.com,1,+1 861 431 8229
464,Kendra Bolland,cslNjAC,kbollandcv@chron.com,1,+63 391 621 7075
465,Torrin Georgievski,cQs5tCL,tgeorgievskicw@cyberchimps.com,1,+53 218 481 2789
466,Odilia Szymanski,hp0cYygEl,oszymanskicx@stanford.edu,1,+86 267 387 2970
467,Kellsie Instock,t6wKUuOI4F,kinstockcy@irs.gov,1,+351 841 966 8244
468,Kerry Braunston,i2lqyoBKIhv4,kbraunstoncz@chicagotribune.com,1,+27 474 429 1704
469,Zack Baggalley,1W5HdNH1J5eb,zbaggalleyd0@google.cn,1,+7 945 845 5031
470,Frannie Ruzicka,8fdYZbHFn0b2,fruzickad1@indiatimes.com,1,+47 725 457 4405
471,Tyler Willoway,rjgkqZt,twillowayd2@exblog.jp,1,+33 708 297 5817
472,Evelyn Bothams,gMHmX68zu9nw,ebothamsd3@etsy.com,1,+52 762 689 2050
473,Husein Mohammed,95z7Zj,hmohammedd4@hc360.com,1,+86 878 816 0858
474,Lucian Parcells,4m7H1omL5Jd,lparcellsd5@wired.com,1,+998 141 641 9645
475,Marshal Troake,n42fTcTYbGF,mtroaked6@weibo.com,1,+62 988 621 5244
476,Dilan Makiver,QGnzsK,dmakiverd7@soup.io,1,+63 151 463 1470
477,Zonnya Spaxman,IMMJae,zspaxmand8@yahoo.co.jp,1,+351 262 906 8183
478,Bab Margrett,fJvhUY4,bmargrettd9@ucsd.edu,1,+86 271 616 7307
479,Roselia McElhargy,hXIC325D7V,rmcelhargyda@ehow.com,1,+1 403 854 1529
480,Cosimo Gelletly,VTR7pgqu,cgelletlydb@blinklist.com,1,+1 815 636 8784
481,Caroline Espinoy,3m1d5w,cespinoydc@ucsd.edu,1,+55 937 430 4774
482,Ben Risbridge,taGGQTo00Aa,brisbridgedd@paginegialle.it,1,+7 604 636 3147
483,Rhona Sollowaye,5s5pFHR5Zw37,rsollowayede@psu.edu,1,+62 715 701 0416
484,Artemas Fieldsend,CAp5Xmlh5EjS,afieldsenddf@newyorker.com,1,+506 853 698 6637
485,Tillie Covil,YiKIa8,tcovildg@army.mil,1,+86 644 813 3762
486,Armin Tottle,yPK5iQD,atottledh@umich.edu,1,+1 517 997 9323
487,Giles Ovize,lE0SAeZi,govizedi@histats.com,1,+98 497 874 9112
488,Clement Sheather,vEwMogGC6DK,csheatherdj@amazon.co.jp,1,+84 548 146 0123
489,Hilton Murison,oP0l4SHcsCf,hmurisondk@rakuten.co.jp,1,+62 805 531 1596
490,Charlean Micklewicz,rnvx5njC3du,cmicklewiczdl@salon.com,1,+256 582 307 1301
491,Merrie Roj,bVbuVBMdjq,mrojdm@uol.com.br,1,+351 257 680 9205
492,Caye Beves,IeMRsbI,cbevesdn@springer.com,1,+48 433 769 7458
493,Garrett Oaker,DKtqRxtXAKA,goakerdo@ted.com,1,+267 243 783 6772
494,Anett Curtoys,L5XMuB,acurtoysdp@pcworld.com,1,+7 747 596 0304
495,Josh Ishak,zf5AlOV44,jishakdq@mozilla.com,1,+252 920 243 3428
496,Gerard Rodinger,2DImXn21,grodingerdr@eepurl.com,1,+234 866 790 9372
497,Laird Marzellano,RlhHCdFQhA,lmarzellanods@flickr.com,1,+86 187 913 3520
498,Gar Harrema,8OKJpe37HoeG,gharremadt@a8.net,1,+359 371 643 7167
499,Tommy Vuitton,XyTXdgkx,tvuittondu@friendfeed.com,1,+389 493 135 9206
500,Rikki Kuhnel,DfAO2xwR4,rkuhneldv@bloglines.com,1,+86 782 812 6791
501,Danya Cawker,uJQ1nc,dcawkerdw@amazon.co.uk,1,+62 574 588 2207
502,Gregor Tregunna,i5sTAy4m,gtregunnadx@paypal.com,1,+63 705 891 5446
503,Liva Benting,0DrEgS,lbentingdy@wix.com,1,+81 347 155 8587
504,Rowen Capes,V5ZzU0wAM,rcapesdz@ebay.co.uk,1,+86 781 402 7911
505,Gilberto Kean,58alNs7,gkeane0@icq.com,1,+962 402 788 9410
506,Antonius Babonau,Dc2Ov6nNHUb,ababonaue1@msn.com,1,+86 590 911 7620
507,Doris Kilbourn,Nfx9Swl,dkilbourne2@illinois.edu,1,+7 703 360 5447
508,Giralda Bellison,xCAOkUB9,gbellisone3@theglobeandmail.com,1,+355 266 739 1769
509,Hamil Semper,ckwF4u1r,hsempere4@tinyurl.com,1,+46 933 771 7740
510,Wesley Mahaddie,kaAqEiu,wmahaddiee5@usatoday.com,1,+30 944 551 0154
511,Mina Littleover,4MsVN8qHX8DJ,mlittleovere6@ucoz.com,1,+58 907 268 6561
512,Zorina Drewery,b9OjsEg,zdrewerye7@ning.com,1,+299 813 932 0674
513,Chicky Castagno,aTVAVKAE5PMt,ccastagnoe8@google.de,1,+33 636 125 5450
514,Binny Ferries,iMI5AJE,bferriese9@artisteer.com,1,+48 357 353 4305
515,Dudley Maypes,jfmYGwkfE,dmaypesea@dailymail.co.uk,1,+1 296 287 2232
516,Aldin Haddington,btBp2AvWS,ahaddingtoneb@1und1.de,1,+86 131 319 4481
517,Jorgan Hasnip,hsrHC0Hc,jhasnipec@friendfeed.com,1,+46 378 417 1011
518,Peggi Chewter,04R8rYjk3,pchewtered@networkadvertising.org,1,+86 248 899 0303
519,Dulce Inkpin,bRuvLo,dinkpinee@networkadvertising.org,1,+52 398 905 1373
520,Winn Whatley,2uDFnBuC,wwhatleyef@msn.com,1,+60 329 122 1723
521,Emmy Kock,n9lwFRQIAT,ekockeg@jiathis.com,1,+351 566 814 9524
522,Wandie Clarkin,7uvt7Tq8,wclarkineh@photobucket.com,1,+66 158 867 0849
523,Sheela Mc Combe,mfPs88PKLJ,smcei@kickstarter.com,1,+963 181 288 9204
524,Lorettalorna Pirie,8Wv4tRQ,lpirieej@aol.com,1,+7 885 477 8173
525,Hube Konrad,UGjq48AgM,hkonradek@yellowpages.com,1,+86 878 461 1335
526,Bryn Blannin,em2K0TA,bblanninel@jalbum.net,1,+509 823 134 7966
527,Irene Michel,h2ymEj0QA,imichelem@lulu.com,1,+972 687 662 0019
528,Heinrick Hall-Gough,EKQTEMNSZX,hhallgoughen@kickstarter.com,1,+62 108 174 1178
529,Rita Dingley,iIyhapn,rdingleyeo@about.me,1,+46 473 335 1162
530,Ceciley Hanscom,ejUJXNdK9,chanscomep@simplemachines.org,1,+93 500 617 6494
531,Vincent Sergean,4oEdA5p,vsergeaneq@myspace.com,1,+385 943 106 3989
532,Ann Leatherbarrow,WYkVaI,aleatherbarrower@spotify.com,1,+62 909 576 9941
533,Em Riggey,QKNy1O,eriggeyes@gnu.org,1,+63 414 514 2041
534,Ely Risso,p6TGxhyU8m,erissoet@pbs.org,1,+996 980 867 9253
535,Janie Heningam,HE6nRi9MX,jheningameu@ycombinator.com,1,+27 937 779 0322
536,Marita Olyunin,eHtz3ENMiB,molyuninev@wunderground.com,1,+33 732 888 1294
537,Viva Adshed,VvEbUzpFttqC,vadshedew@tripadvisor.com,1,+218 185 726 5940
538,Gerry Ferriday,MuRaKiE,gferridayex@storify.com,1,+63 657 281 9910
539,Alon Weaving,8RsqJ4NxYtf,aweavingey@meetup.com,1,+86 717 980 8571
540,Werner Penvarden,IRNWZQX,wpenvardenez@tuttocitta.it,1,+1 199 704 0732
541,Katinka Clymer,Cezh7Iw9,kclymerf0@wiley.com,1,+63 240 542 2866
542,Hollie Gilliland,2yPfkQMkl,hgillilandf1@baidu.com,1,+351 981 468 0718
543,Yvon Heavyside,vGRPElAtI,yheavysidef2@1688.com,1,+7 802 771 5524
544,Marsh Nibley,z3j9gautnEg,mnibleyf3@buzzfeed.com,1,+7 794 841 6502
545,Con Boxer,5YZXoao5uaV7,cboxerf4@dyndns.org,1,+251 912 383 8134
546,Obidiah Flewett,PwH7etM11h9C,oflewettf5@ftc.gov,1,+7 307 817 7704
547,Christophe Varcoe,5ZV1Hnh,cvarcoef6@msu.edu,1,+46 856 748 4388
548,Kynthia Shambrook,EQHgkqPsnAj,kshambrookf7@163.com,1,+370 699 212 0783
549,Herold Dyte,iEH0414,hdytef8@businessinsider.com,1,+32 254 311 9487
550,Hieronymus Balogun,a3qMoss,hbalogunf9@hibu.com,1,+389 661 618 2745
551,Bartolomeo Bickerdyke,KBWkQn3IYa,bbickerdykefa@about.com,1,+62 766 133 8224
552,Nick Davitti,3TVuBBs9Sbz,ndavittifb@ustream.tv,1,+7 795 665 6375
553,Aleta Temporal,tQP7Hn,atemporalfc@wordpress.com,1,+86 250 300 7634
554,Merissa Simmans,01vvnorn26e,msimmansfd@photobucket.com,1,+7 960 764 0769
555,Ravid Crosscombe,c65uTJ1,rcrosscombefe@army.mil,1,+48 837 254 9843
556,Barton Jacop,ygdgFq,bjacopff@ftc.gov,1,+86 637 807 5574
557,Regine Quenell,BmpoybvrbOb,rquenellfg@vistaprint.com,1,+86 367 224 8801
558,Kaela Bostock,jwzr9jhefx2J,kbostockfh@123-reg.co.uk,1,+86 302 350 0203
559,Loleta Glanister,exnqCkOdwy,lglanisterfi@go.com,1,+62 749 724 4512
560,Layla Kennington,ANzmO7ZQ2,lkenningtonfj@privacy.gov.au,1,+39 667 726 0788
561,Tasha Ivanovic,4fOpJ3la,tivanovicfk@tuttocitta.it,1,+86 870 722 8132
562,Pryce Haps,IfseOhV,phapsfl@nationalgeographic.com,1,+351 785 543 7488
563,Lilian Coats,n0UA0CIsOaeR,lcoatsfm@barnesandnoble.com,1,+57 118 605 1317
564,Pyotr Pemberton,qefLdN,ppembertonfn@jiathis.com,1,+84 472 610 0920
565,Aldin Leindecker,4qRgMjA8zj,aleindeckerfo@chronoengine.com,1,+55 180 434 7539
566,Bogey de Mullett,ojRVVvyCF6,bdefp@china.com.cn,1,+86 267 531 9365
567,Rhianon Donnersberg,UK6Ze3,rdonnersbergfq@netlog.com,1,+48 710 684 2322
568,Liva Junifer,MqrWF2b,ljuniferfr@surveymonkey.com,1,+86 739 430 6147
569,Yasmeen Haney`,sBRMmVGVU8nZ,yhaneyfs@barnesandnoble.com,1,+380 846 441 2890
570,Almire Walter,iQ78m0cRcG,awalterft@typepad.com,1,+7 839 547 0761
571,Gina Westell,R2rtcI9,gwestellfu@liveinternet.ru,1,+507 884 963 9624
572,Conn Fulleylove,Ej355NH,cfulleylovefv@multiply.com,1,+380 696 953 7843
573,Car Glowacz,8avglhBO,cglowaczfw@typepad.com,1,+86 752 366 8529
574,Etta Matejovsky,GtGKYPdGj,ematejovskyfx@buzzfeed.com,1,+62 837 463 9632
575,Marcelline Osbourne,kZILTGnHZcK,mosbournefy@fc2.com,1,+62 562 699 7127
576,Aldon Cornick,XZ231G,acornickfz@ning.com,1,+63 950 640 7269
577,Wolfie Paramore,cbPYB57z,wparamoreg0@redcross.org,1,+385 561 726 1975
578,Ania Alfonzo,3s07G8L,aalfonzog1@wordpress.org,1,+51 701 824 5178
579,Rufus Sent,LvxAnR,rsentg2@sbwire.com,1,+504 836 368 3988
580,Lisetta Pieter,G2H89wW0ujVK,lpieterg3@a8.net,1,+62 760 684 5887
581,Karlyn Limer,GZ6iGHcOnRM,klimerg4@zimbio.com,1,+86 194 326 3409
582,Gizela Dreng,hGhx8sRvuI,gdrengg5@w3.org,1,+48 900 718 7884
583,Wynn Fergusson,1xTtwlCGj,wfergussong6@whitehouse.gov,1,+7 945 920 2769
584,Kissiah Thay,p7qZM0EhGEoi,kthayg7@timesonline.co.uk,1,+420 840 504 2940
585,Rena Guiden,bzv21N7,rguideng8@pbs.org,1,+970 774 657 1697
586,Lorry Hablot,qMt48bL20,lhablotg9@devhub.com,1,+62 112 291 4129
587,Pete Nutley,nXyhwgCfl,pnutleyga@privacy.gov.au,1,+46 850 882 6716
588,Philbert Summerley,OxSDiVRDwx,psummerleygb@netlog.com,1,+48 700 957 8765
589,Anabella Brookwood,O26cI4Dzk,abrookwoodgc@zdnet.com,1,+48 266 480 9564
590,Shaylah Ortell,gNoNLx,sortellgd@independent.co.uk,1,+86 495 725 9418
591,Jacenta Letrange,HQuPK9BDnq7,jletrangege@biblegateway.com,1,+374 973 737 7889
592,Aldrich Tomaszkiewicz,Zn3368R,atomaszkiewiczgf@hugedomains.com,1,+381 174 798 6523
593,Stirling Trainor,ZiL2d4lg,strainorgg@ucsd.edu,1,+593 617 350 0803
594,Golda Bentham3,hKCp5Wkk5,gbenthamgh@vk.com,1,+387 340 504 2048
595,Helen-elizabeth Firks,S4eKL93Y,hfirksgi@va.gov,1,+1 786 978 2115
596,Chrystel Durston,XjQY1L41,cdurstongj@nymag.com,1,+86 585 565 3013
597,Claudius Shippam,GTd95sgU,cshippamgk@scientificamerican.com,1,+86 728 307 7671
598,Chryste Douse,sj6DoWnK9bF,cdousegl@blogs.com,1,+86 843 227 7096
599,Gillian Fowden,LEPr14wWI9,gfowdengm@yellowpages.com,1,+351 997 216 8068
600,Joseph Sommerton,2pg7S1,jsommertongn@shutterfly.com,1,+7 218 779 3430
601,Ellene Stallebrass,nAwliVjBS,estallebrassgo@foxnews.com,1,+7 437 981 9464
602,Meade Roocroft,Rc0JNzWewVv8,mroocroftgp@elegantthemes.com,1,+46 368 732 8655
603,Malvina Ensley,S8cfoP,mensleygq@accuweather.com,1,+60 789 984 3596
604,Welsh Delahunty,CMGTLQxmp,wdelahuntygr@fotki.com,1,+230 673 309 2853
605,Lulu McPeck,d2oOdYuSKZv,lmcpeckgs@freewebs.com,1,+86 458 841 7436
606,Renie Fordham,da9SqBin7,rfordhamgt@google.pl,1,+62 302 495 8127
607,Nancey Dummigan,ZwtsiswYW,ndummigangu@usatoday.com,1,+48 199 483 8037
608,Mirna Knox,94nkxn,mknoxgv@4shared.com,1,+967 866 746 6507
609,Ealasaid Keemer,Hoo3IDfy6nJ0,ekeemergw@over-blog.com,1,+33 294 348 4769
610,Eadie Venny,8EAZSjCr1,evennygx@sfgate.com,1,+1 757 306 0728
611,Carree Fothergill,tzBmu6vY,cfothergillgy@angelfire.com,1,+62 103 681 3415
612,Sosanna McCorry,gmji6ZG,smccorrygz@mashable.com,1,+48 418 565 3875
613,Flossy Keemer,8hzHOrk6,fkeemerh0@soundcloud.com,1,+64 808 970 2108
614,Patrizio Ferrie,0EXCNS,pferrieh1@shutterfly.com,1,+54 363 876 3978
615,Phillipe Bleazard,2OQAcd0rJl,pbleazardh2@amazon.de,1,+51 385 563 9471
616,Reba Wathen,rzqGsG2J,rwathenh3@dropbox.com,1,+84 857 364 0529
617,Ottilie Rene,ouuLACv,oreneh4@webnode.com,1,+1 317 340 9177
618,Kelwin Seson,fckwcRils2,ksesonh5@jigsy.com,1,+86 262 451 9608
619,Donnajean Mullaney,UXJgxG1P,dmullaneyh6@youku.com,1,+63 233 160 1316
620,Bella Oldroyde,L2rATguWPwyy,boldroydeh7@devhub.com,1,+1 682 213 7832
621,Karissa Furbank,rHxcxXd,kfurbankh8@skype.com,1,+81 674 494 1153
622,Sula Critoph,Lry2m0,scritophh9@1688.com,1,+380 988 681 6884
623,Alden Formilli,9AZQZWz,aformilliha@admin.ch,1,+963 169 945 0267
624,Sharia Agirre,5q7xxzFF,sagirrehb@kickstarter.com,1,+33 773 591 0093
625,Cosmo Posnette,kYuzYgUk,cposnettehc@wordpress.org,1,+62 980 245 3532
626,Barnard Bachellier,uCqkrgh,bbachellierhd@yahoo.com,1,+358 518 112 9837
627,Berky Hubatsch,y4iHjE9vjnn6,bhubatschhe@drupal.org,1,+86 727 478 4641
628,Spence Dibling,nPX5mFETnEd6,sdiblinghf@simplemachines.org,1,+351 306 647 0755
629,Damita Kirkbride,uFmbY6vV9,dkirkbridehg@nyu.edu,1,+48 979 103 3164
630,Mendy Dunsmuir,ySUAjnEBxXIv,mdunsmuirhh@webmd.com,1,+351 620 446 7776
631,Kasey Bullivent,2jlFsAxRr9T,kbulliventhi@google.co.jp,1,+591 300 387 9408
632,Bertha Breyt,KjRCloxwUzxi,bbreythj@sun.com,1,+381 627 261 1280
633,Alastair Portsmouth,mBbEx2HSCXq,aportsmouthhk@bloomberg.com,1,+7 984 805 6250
634,Carmine Elgey,dxBxxUny,celgeyhl@freewebs.com,1,+507 476 402 0962
635,Bord Auden,uCSKl18g1B0,baudenhm@weebly.com,1,+850 802 722 0545
636,Dotti Sabban,PjHHzpkeSubc,dsabbanhn@yahoo.co.jp,1,+234 754 382 8924
637,Lydie Polkinghorne,pntnsVSNfot,lpolkinghorneho@reuters.com,1,+507 781 310 4734
638,Rickie Renfield,chwjB4bA,rrenfieldhp@auda.org.au,1,+86 393 427 2950
639,Rubetta Massel,9gCxpce,rmasselhq@google.co.uk,1,+66 941 952 8633
640,Ealasaid Rozenzweig,iwGMuLoKj,erozenzweighr@ifeng.com,1,+54 352 392 9678
641,Jonis MacEveley,SURfx6,jmaceveleyhs@eventbrite.com,1,+351 191 336 1318
642,Aubree Stienham,q0hLRN22OC,astienhamht@hhs.gov,1,+63 899 599 8937
643,Jaquelyn Bansal,Ylrh0vR,jbansalhu@mysql.com,1,+86 583 467 9720
644,Jonell Mose,53ZFIhu6,jmosehv@weebly.com,1,+52 544 956 7683
645,Leon Gadsdon,mBbQ3B0sqr4,lgadsdonhw@hexun.com,1,+57 641 428 4478
646,Onfre Rubee,11kOAjqF,orubeehx@springer.com,1,+55 317 811 4261
647,Loydie Caffin,UYbHM8,lcaffinhy@unesco.org,1,+351 596 835 3695
648,Ronnica Sconce,tCQcAwQB,rsconcehz@biglobe.ne.jp,1,+51 869 751 5979
649,Gail Di Franceshci,prdX50,gdii0@deliciousdays.com,1,+86 160 932 8321
650,Krystal Berridge,QVu7Mhn9z9l,kberridgei1@rediff.com,1,+62 761 696 8826
651,Rubie Dike,r786mNfh,rdikei2@sphinn.com,1,+358 660 796 4603
652,Nye Colquitt,tUVo1Igca7SM,ncolquitti3@youku.com,1,+46 514 601 7183
653,Nikola Clacson,aY7OBG9xBjC,nclacsoni4@simplemachines.org,1,+48 915 950 5811
654,Lewie Patemore,CCOVea,lpatemorei5@europa.eu,1,+86 776 728 6930
655,Ulick Wace,3dOQ9ckDF,uwacei6@admin.ch,1,+33 615 495 5905
656,Miguel Aleixo,K2Ze4ENmeeE,maleixoi7@ning.com,1,+54 232 547 5080
657,Hewet Banthorpe,Fhtnu3ESYQMc,hbanthorpei8@ftc.gov,1,+359 746 122 4010
658,Benjie Gobell,c3hd6o,bgobelli9@ebay.com,1,+7 198 534 8660
659,Amalia Eshelby,cGJlEYYdP,aeshelbyia@lulu.com,1,+504 312 627 5420
660,Bryana Vasilyevski,CPdcpf,bvasilyevskiib@arizona.edu,1,+86 673 123 3749
661,Herculie Rubinow,CqGUUg,hrubinowic@slideshare.net,1,+86 310 567 0917
662,Belita Whitlock,vQNz8ZV,bwhitlockid@ow.ly,1,+7 789 222 5555
663,Selle Shirlaw,KA1SJfCMOOFG,sshirlawie@dedecms.com,1,+63 350 710 9560
664,Caril Geake,diU32eXB,cgeakeif@sohu.com,1,+86 926 722 5448
665,Joete Sprey,v1TueJAwl,jspreyig@biglobe.ne.jp,1,+86 629 425 9560
666,Marie-ann Bleakman,PxWGc4,mbleakmanih@harvard.edu,1,+86 376 270 1810
667,Igor Cardis,lGkIuZtnM,icardisii@cdbaby.com,1,+62 827 586 7047
668,Alejandra Carlesi,NufJKZXUU,acarlesiij@yellowbook.com,1,+62 887 411 3496
669,Marchelle Kealey,9lqSaet,mkealeyik@cnet.com,1,+7 581 330 4635
670,Rudyard Richardin,zSs2ZIFvr3xi,rrichardinil@studiopress.com,1,+261 174 568 3884
671,Lind Megroff,ZS9cCDhkGcr,lmegroffim@nasa.gov,1,+66 591 694 0960
672,Garrek Rubbens,gRgbgP1,grubbensin@mashable.com,1,+234 193 320 7152
673,Annice Candwell,Pv3lQC110w,acandwellio@usatoday.com,1,+355 753 730 7871
674,Gordan Knoble,a45pnXB1EaR,gknobleip@altervista.org,1,+7 440 440 7458
675,Mel Aggiss,4ZZu4okVb,maggissiq@epa.gov,1,+351 953 586 8317
676,Thekla MacCumeskey,hLUsykbkLb,tmaccumeskeyir@aboutads.info,1,+81 725 936 8078
677,Dode Barnsley,PKBDyd2G,dbarnsleyis@lulu.com,1,+51 868 693 8793
678,Ramon Espinoza,Z8bPZZMjQhp,respinozait@webs.com,1,+81 831 815 1159
679,Gertie Han,IsdnR5,ghaniu@liveinternet.ru,1,+86 305 173 4845
680,Kimberly Summerlee,Lu7EQDoj1u,ksummerleeiv@cnet.com,1,+358 657 559 0593
681,Rosy Drohun,2B4fqXWCz41I,rdrohuniw@hao123.com,1,+358 454 142 2554
682,Alikee Ivel,x0af8OG,aivelix@aboutads.info,1,+48 805 123 2484
683,Jordain Morris,wFuJhvVuTID,jmorrisiy@netlog.com,1,+420 413 434 3345
684,Farrell Ethelstone,Ci7NLNcW3Uy,fethelstoneiz@wikispaces.com,1,+62 569 770 6717
685,Donovan Stute,bJSYqInc,dstutej0@hao123.com,1,+62 212 900 6717
686,Jenilee Maddicks,tITAIci,jmaddicksj1@addthis.com,1,+55 765 465 1248
687,Raddie Horburgh,pqazxnUu,rhorburghj2@g.co,1,+86 696 947 0362
688,Peyton St. Pierre,vKByMku6t,pstj3@weebly.com,1,+62 623 502 6970
689,Venus Gwilliams,P3as0s,vgwilliamsj4@mediafire.com,1,+63 880 220 7268
690,Eldin Rawlyns,jm91sWM,erawlynsj5@youku.com,1,+231 462 374 4326
691,Damara Tomek,eRhjqe,dtomekj6@narod.ru,1,+1 485 382 9521
692,Maisey Muddicliffe,b2FGGXFx2N,mmuddicliffej7@goo.gl,1,+994 889 841 3158
693,Hugo Galtone,YMdcmbNipolH,hgaltonej8@cdc.gov,1,+62 661 674 5481
694,Neall Rossborough,BvmInEFqL,nrossboroughj9@google.com.br,1,+267 527 486 8046
695,Tuesday Crosseland,VIDgIbMQ3q,tcrosselandja@imgur.com,1,+7 159 929 0538
696,Paco Lazarus,WkgvFQ,plazarusjb@blogger.com,1,+62 967 651 0667
697,Whitney Vickerstaff,dbanbvRY,wvickerstaffjc@free.fr,1,+351 585 468 7539
698,Sophie Brinkworth,nI9Ft7d,sbrinkworthjd@zimbio.com,1,+46 241 924 1267
699,Rozanna Gremane,rEEOl6aa0H,rgremaneje@blogtalkradio.com,1,+967 310 292 3522
700,Del Roubeix,oSda8o1,droubeixjf@washington.edu,1,+86 572 253 2576
701,Gene Klimowski,749HaqgkRl3,gklimowskijg@bing.com,1,+62 542 142 5721
702,Alanson MacGeaney,plV7tb,amacgeaneyjh@imdb.com,1,+62 647 525 2795
703,Kerrie Lough,3i0AJ3oFHP,kloughji@skyrock.com,1,+372 781 908 5667
704,Ed Aingell,YmVUmwKgKy,eaingelljj@google.co.uk,1,+86 308 997 8717
705,Gwenny Barbera,W5KsRs,gbarberajk@ted.com,1,+55 900 703 0366
706,Katha Grinov,VNrLXx,kgrinovjl@dot.gov,1,+63 102 715 1703
707,Bernete Bunford,zv2LspoAtx,bbunfordjm@google.com.hk,1,+84 201 526 7585
708,Dev Obal,V1ZnXSibtoR,dobaljn@networkadvertising.org,1,+387 773 978 7180
709,Helene Petrenko,JsM6cIsr6X,hpetrenkojo@soundcloud.com,1,+33 752 537 8954
710,Dolley Balmforth,Kt7WaHS,dbalmforthjp@samsung.com,1,+269 436 332 1641
711,Vevay Blockey,2dSvG66,vblockeyjq@theglobeandmail.com,1,+86 180 597 2982
712,Joseph Tetla,MspLNdga,jtetlajr@state.tx.us,1,+46 660 743 5338
713,Kathryn Rudloff,DGJnZv2lty,krudloffjs@desdev.cn,1,+55 841 212 7983
714,Sherwynd Janacek,Oilgg7uZ,sjanacekjt@amazon.com,1,+351 677 460 0790
715,Shaw Greenroyd,yaeccp,sgreenroydju@rediff.com,1,+856 905 517 5345
716,Benji Ruddin,ywtyMIGMHxl,bruddinjv@fema.gov,1,+220 197 349 1333
717,Elissa Guiduzzi,B9AwQaOJItZU,eguiduzzijw@tripod.com,1,+380 774 427 0254
718,Garey Bernardoni,wu8VBkD,gbernardonijx@yahoo.co.jp,1,+86 805 754 1477
719,Jacky Fetherston,2PfnUn9,jfetherstonjy@squidoo.com,1,+86 771 579 8073
720,Tyson Mateiko,9M11jtbp,tmateikojz@whitehouse.gov,1,+62 843 671 6714
721,Estrellita Samme,mulbCq,esammek0@amazon.com,1,+7 330 636 3790
722,Maybelle Grasha,YC9MLuGCx,mgrashak1@google.pl,1,+380 950 671 0910
723,Janis Genery,bVzurCq,jgeneryk2@1688.com,1,+48 260 331 6548
724,Marji Barwick,Spie0X,mbarwickk3@people.com.cn,1,+1 670 932 0962
725,Ekaterina Coats,Wrn4pZj,ecoatsk4@forbes.com,1,+55 598 678 1871
726,Jobina Vlasin,jaf5Np,jvlasink5@mysql.com,1,+27 765 572 3183
727,Ronica Bickerstaffe,DnMNsY0P9o,rbickerstaffek6@utexas.edu,1,+1 502 217 1817
728,Yalonda Casino,AMghn0RwQgB,ycasinok7@elpais.com,1,+7 819 692 7973
729,Lotti Brassington,2jnaTXF2K5mQ,lbrassingtonk8@acquirethisname.com,1,+63 457 517 8809
730,Donella McFetrich,ilJ7ZLYm08,dmcfetrichk9@theguardian.com,1,+61 345 579 3766
731,Natala Dowtry,P47uFDM,ndowtryka@wisc.edu,1,+64 622 752 5679
732,Ethelyn Krates,FUvpWu7DHsXI,ekrateskb@bigcartel.com,1,+20 166 837 3908
733,Lura Braxay,tvxrb5BA,lbraxaykc@mtv.com,1,+48 525 242 5678
734,Philip Jaksic,WmMaRwvuTD,pjaksickd@statcounter.com,1,+1 326 102 1449
735,Abey MacNockater,NKkwudw8,amacnockaterke@blogger.com,1,+33 342 146 0515
736,Maurie McGreal,xeHxQD0PJO,mmcgrealkf@cdc.gov,1,+51 663 245 5668
737,Dianna Pasley,xgv0C6A3Z6W,dpasleykg@printfriendly.com,1,+385 324 235 8646
738,Clywd Chastaing,5x48C7,cchastaingkh@chronoengine.com,1,+46 463 988 5435
739,Genny French,eLTZSG,gfrenchki@jigsy.com,1,+387 423 949 1086
740,Collin Tawton,Qy2bRZrQg,ctawtonkj@storify.com,1,+7 573 324 6014
741,Tull Holyland,k7ZrAZmx,tholylandkk@webmd.com,1,+86 923 473 2826
742,Jocelin Stevings,ZC099GC,jstevingskl@booking.com,1,+62 188 681 5570
743,Gaultiero Ramiro,ZxHwIvZ3M4,gramirokm@ameblo.jp,1,+81 759 133 6259
744,Ava McDiarmid,YQKWL48,amcdiarmidkn@craigslist.org,1,+86 928 624 9461
745,Hershel Genty,GmkKeqF,hgentyko@sina.com.cn,1,+86 210 804 0750
746,Adriena Sandal,9ZJ0UrY58,asandalkp@yahoo.com,1,+48 685 526 0765
747,Georgiana Jarley,yEdT2gsc34,gjarleykq@drupal.org,1,+51 645 549 5878
748,Shell Brine,ThIaV48S,sbrinekr@tamu.edu,1,+48 815 512 4478
749,Peadar Gorges,2ErTWIA,pgorgesks@wiley.com,1,+1 212 586 7064
750,Ragnar Camerati,yAoFSgRR,rcameratikt@topsy.com,1,+48 867 887 3203
751,Dallis Midford,WwThcZkvTCX,dmidfordku@topsy.com,1,+49 441 304 3082
752,Jeffie Vankin,q3zaG3W4,jvankinkv@ocn.ne.jp,1,+1 507 994 3367
753,Darryl Mohring,jtRvpfc2OADf,dmohringkw@utexas.edu,1,+505 892 828 2124
754,Binni Rontree,G8tTu7s,brontreekx@noaa.gov,1,+55 126 311 9120
755,Rowland Guilder,Q1BqUW6B,rguilderky@usa.gov,1,+33 696 414 3182
756,Tabbitha Hayles,xf1cfUfI,thayleskz@cbsnews.com,1,+94 530 855 6387
757,Jeri Tuer,4dQYnphA8L,jtuerl0@samsung.com,1,+7 484 973 9123
758,Bridie Crowcroft,hblUjdClDr46,bcrowcroftl1@noaa.gov,1,+55 415 375 1287
759,Emily Cool,v5vpp1ICWOO,ecooll2@umn.edu,1,+81 963 854 8861
760,Misty Gettins,i8A4K3lhLPb,mgettinsl3@icq.com,1,+86 479 371 5836
761,Kelsey Maffey,RxpuHWV7C7,kmaffeyl4@flavors.me,1,+62 344 951 4827
762,Rhonda Itzchaki,XMkkwepOB2,ritzchakil5@squarespace.com,1,+7 580 391 8458
763,Martha Kennifick,0uYL1xx,mkennifickl6@opensource.org,1,+7 170 395 0690
764,Newton Hampshire,5MkLOAF,nhampshirel7@phoca.cz,1,+86 702 872 8819
765,Dex Perri,JQyLBTjdDgSA,dperril8@microsoft.com,1,+387 661 505 2375
766,Trudy Pavyer,D2cg4e0pNkF,tpavyerl9@wikia.com,1,+66 389 655 5586
767,Chas Elsmore,or6zAlu,celsmorela@csmonitor.com,1,+46 769 788 5987
768,Yoshi Goodridge,7WdYlvqHYLn,ygoodridgelb@homestead.com,1,+86 728 790 8207
769,Minor Dunbar,kVQRm1A2,mdunbarlc@printfriendly.com,1,+33 365 143 4589
770,Berk Bravery,XotefI4,bbraveryld@kickstarter.com,1,+86 925 184 0639
771,Duncan Couldwell,UcmWwfv,dcouldwellle@jiathis.com,1,+1 610 729 2194
772,Perceval Beggin,EdRrLGkN,pbegginlf@rediff.com,1,+48 937 406 1588
773,Thorn Mazzia,GzsdqI0ZxDI,tmazzialg@geocities.com,1,+54 372 722 0517
774,Lisette Cockell,Bi0vIiU,lcockelllh@ftc.gov,1,+351 451 799 5951
775,Leia Burdus,gvODIP30Ru,lburdusli@slideshare.net,1,+31 347 514 3274
776,Nike Duplan,2bmuNJhvf,nduplanlj@bravesites.com,1,+62 711 185 5115
777,Joaquin Fideler,cdP3JJ,jfidelerlk@ca.gov,1,+351 748 392 6870
778,Roldan Shevell,EpR2isxI3K,rshevellll@nationalgeographic.com,1,+61 823 770 7095
779,Joella Northway,lk2VJNp,jnorthwaylm@sciencedaily.com,1,+51 133 659 1605
780,Berny Dunnan,8PTpNMSb0un,bdunnanln@tripadvisor.com,1,+86 378 735 5839
781,Ashly Gary,enVemmchcu,agarylo@mac.com,1,+53 370 723 4895
782,Garrik Fryatt,bj9iJ3,gfryattlp@howstuffworks.com,1,+62 758 492 3960
783,Frans Coop,9eJjPuTk33,fcooplq@jugem.jp,1,+33 967 157 1515
784,Phaidra Coche,eZs94EFCY,pcochelr@cisco.com,1,+1 129 912 9011
785,Charles Ebben,lZtw9eoXX,cebbenls@pbs.org,1,+216 140 452 4153
786,Alfy Danielsky,1CJq1sCx,adanielskylt@360.cn,1,+86 527 275 0292
787,Constantina Girdwood,cZxmLk,cgirdwoodlu@123-reg.co.uk,1,+385 854 819 7864
788,Shauna Frankum,pwROM6Y,sfrankumlv@google.cn,1,+86 803 614 6596
789,Roxie Boatswain,7YC7b5O4ot,rboatswainlw@360.cn,1,+52 973 571 8856
790,Micheil Jaze,jw7ibst,mjazelx@yale.edu,1,+7 426 472 5522
791,Lanie Sannes,9zXpDYCE,lsannesly@tinyurl.com,1,+7 561 366 8341
792,Fred Yurchenko,Y3MQxSB,fyurchenkolz@ed.gov,1,+380 756 162 0091
793,Stormi Hedge,3Il3HLuhR,shedgem0@multiply.com,1,+86 767 868 7805
794,Sibylle Dmitrovic,GmBz8R,sdmitrovicm1@deliciousdays.com,1,+62 406 696 6288
795,Riordan Webling,N91oeEv,rweblingm2@bandcamp.com,1,+62 864 345 9797
796,Ulrike Braikenridge,FrP9FtLI,ubraikenridgem3@cam.ac.uk,1,+357 908 591 8524
797,Mildred Cabbell,mjMA1EKf,mcabbellm4@nature.com,1,+856 817 956 2664
798,Amaleta Von Brook,Q0GL0MRsY7NE,avonm5@blogtalkradio.com,1,+387 792 530 6495
799,Giff Ege,5y05Z9x64L,gegem6@gizmodo.com,1,+7 967 214 7305
800,Jeremiah Sowood,dnPb6zTJzC,jsowoodm7@weebly.com,1,+1 979 293 7701
801,Darsie Shorto,KXUTIls6Z4f,dshortom8@timesonline.co.uk,1,+30 791 821 8354
802,Guy Langstone,gQiQRKga4,glangstonem9@friendfeed.com,1,+63 130 511 4341
803,Felecia Parkins,XqLbCDjQv,fparkinsma@jimdo.com,1,+34 752 239 7955
804,Caroljean Cawcutt,MT6j3R8rB,ccawcuttmb@furl.net,1,+84 352 468 9730
805,Barbey Wedmore.,QcUB0uyKEByP,bwedmoremc@google.co.jp,1,+1 177 472 2694
806,Stanislas Hinstock,8T2JHGLEFo,shinstockmd@state.gov,1,+86 113 499 3143
807,Glenn Covington,vtFwVh6cZ5S,gcovingtonme@bigcartel.com,1,+31 371 765 0120
808,Veronika Scramage,W5Mti6EfA,vscramagemf@naver.com,1,+351 595 524 9398
809,Tandie Mariyushkin,49IHDi7IElbX,tmariyushkinmg@pinterest.com,1,+389 833 652 0703
810,Haskel Beynke,W8eIePEF,hbeynkemh@cnn.com,1,+60 282 570 0701
811,Legra Paule,bwN0as,lpaulemi@adobe.com,1,+55 933 419 0504
812,Walker Calderbank,bp5YMd,wcalderbankmj@mozilla.com,1,+86 352 460 0301
813,Caitrin Starcks,JxG3nyoXa,cstarcksmk@diigo.com,1,+86 108 842 2486
814,Mab Critchlow,snWBo35,mcritchlowml@google.ru,1,+84 242 312 0849
815,Lanna Bugbee,17M8lEzqiLE,lbugbeemm@ebay.com,1,+81 340 558 9804
816,Yorgo Gribbon,ShCzYnfUy,ygribbonmn@odnoklassniki.ru,1,+53 998 414 5526
817,Mickey Benez,3WgILcuCi7N,mbenezmo@example.com,1,+7 778 683 9262
818,Dorotea Giacomuzzi,VV9fbc,dgiacomuzzimp@about.me,1,+52 523 502 2470
819,Zorah Kinkaid,mKroMV63Y,zkinkaidmq@geocities.com,1,+689 524 850 0459
820,Kathrine Grendon,UoD9LLLM,kgrendonmr@ucoz.com,1,+55 266 996 3797
821,Garrik Ely,6Obz2I7oqx,gelyms@acquirethisname.com,1,+420 466 973 3990
822,Boote McGauhy,JhqaREYOYac,bmcgauhymt@berkeley.edu,1,+81 427 897 8842
823,Margette Soonhouse,t1X449iDWw,msoonhousemu@twitter.com,1,+63 780 727 0109
824,Hube Crowcum,NM9ZNgSgnN,hcrowcummv@noaa.gov,1,+81 832 521 5709
825,Willetta Lorain,OgGpJtyWxNv,wlorainmw@state.tx.us,1,+62 826 658 4956
826,Fairleigh Walling,LHfYh06AGc,fwallingmx@icio.us,1,+62 438 414 9855
827,Georgy Hischke,mMODdNYRcMON,ghischkemy@vimeo.com,1,+86 792 543 2421
828,Ganny Besse,yAaSlB,gbessemz@gravatar.com,1,+51 628 806 4590
829,Grace Rubinsohn,W4G0OEuI,grubinsohnn0@eepurl.com,1,+351 687 668 1326
830,Welsh Gooderidge,5AqhLl,wgooderidgen1@google.it,1,+7 236 809 1973
831,Agata Gatward,vfZBYzsy0D,agatwardn2@macromedia.com,1,+62 837 971 2930
832,Dev Tankin,iMRxKAqc,dtankinn3@go.com,1,+31 406 514 8898
833,Riva Brimfield,Uhjm9KOpK9HP,rbrimfieldn4@slideshare.net,1,+351 554 514 0964
834,Dorri Weinberg,c8RuShyfr,dweinbergn5@istockphoto.com,1,+359 440 587 7278
835,Bertrand Cellier,tfV6W0hwTJfb,bcelliern6@jimdo.com,1,+220 322 682 0583
836,Rayna Feake,R2GYcFB,rfeaken7@ycombinator.com,1,+269 902 195 3539
837,Lorna Wrightham,kTdook38fLG,lwrighthamn8@cloudflare.com,1,+351 114 645 6110
838,Carey Godfroy,iTEjb9qYvB,cgodfroyn9@bing.com,1,+86 204 197 6814
839,Netta Cunnington,48XWBooQsCb,ncunningtonna@boston.com,1,+998 305 708 3962
840,Malinde Matic,Cxi13qib,mmaticnb@clickbank.net,1,+81 604 199 2837
841,Cristin Braidford,yK8Pfo2bTP,cbraidfordnc@biblegateway.com,1,+46 751 668 9223
842,Dorelia Kenion,G4wybF9C3xe,dkenionnd@ox.ac.uk,1,+86 448 777 4388
843,Mel Gregersen,iqigAFr,mgregersenne@kickstarter.com,1,+86 419 764 3027
844,Cass Brannon,mWrENek,cbrannonnf@craigslist.org,1,+48 397 553 9387
845,Forester O'Regan,vCv86gPqyYG,foreganng@behance.net,1,+33 832 805 0741
846,Jackelyn Van,EjC5wotiac,jvannh@google.ca,1,+44 811 721 1793
847,Tannie Le Brom,eNmL0bq,tleni@usa.gov,1,+686 772 357 3539
848,Ruggiero Cauthra,MFddWCc9,rcauthranj@blogs.com,1,+86 340 455 6045
849,Meryl Caughte,ishilBY,mcaughtenk@psu.edu,1,+86 908 103 2920
850,Vassily Hammonds,Vy27dgvvf,vhammondsnl@illinois.edu,1,+1 763 771 6403
851,Ethe Varga,HvLfq1H6ShVd,evarganm@jugem.jp,1,+62 645 454 3023
852,Kiri Schubert,AKAEUfZkTD,kschubertnn@comsenz.com,1,+86 341 802 5570
853,Brnaba Biggs,w0PdPPg,bbiggsno@pbs.org,1,+351 250 794 3419
854,Herve Stovell,fxnOPiGgGzP,hstovellnp@google.ca,1,+216 217 871 3274
855,Herbie Harkins,RgZgIax3,hharkinsnq@google.de,1,+63 190 464 2216
856,Ralina Elce,oW5zGUJt,relcenr@is.gd,1,+355 249 736 7687
857,Douglass Papachristophorou,eRCPzy,dpapachristophorouns@hao123.com,1,+55 504 138 2342
858,Madella Woller,hM4usaId,mwollernt@gnu.org,1,+55 560 380 8438
859,Merrili McCuis,asEd4Y4ARKT,mmccuisnu@parallels.com,1,+81 865 587 1734
860,Pernell Raise,JWMbqfUmvtJ,praisenv@seesaa.net,1,+86 952 211 0718
861,Jinny Wardell,JSqqij5,jwardellnw@privacy.gov.au,1,+380 624 997 1367
862,Devy Hatchell,RGd3b3kIwDy3,dhatchellnx@aol.com,1,+7 872 124 2457
863,Falkner Pogosian,7WAherkFK,fpogosianny@imdb.com,1,+33 290 733 0260
864,Sergent Stodhart,AqT16d,sstodhartnz@paypal.com,1,+1 710 732 6351
865,Ailbert Birdfield,JOxOQ4iyQ,abirdfieldo0@jiathis.com,1,+33 140 900 3407
866,Meggy Beven,UwYInjXMaZ,mbeveno1@networkadvertising.org,1,+52 769 306 0824
867,Elwira Abramino,1lzCyLaLGio4,eabraminoo2@php.net,1,+7 383 174 3162
868,Bradley Boumphrey,uBAUTC,bboumphreyo3@ucoz.ru,1,+33 873 445 8590
869,Leena Cressar,Y78yH7AQro9m,lcressaro4@ask.com,1,+30 425 117 4743
870,Paloma Abeau,I5hkZLlnS8,pabeauo5@barnesandnoble.com,1,+992 322 742 1406
871,Marlowe Guidotti,jCcnR2rm8,mguidottio6@godaddy.com,1,+86 552 621 1297
872,Fraze Paolillo,XMAtniYirwP,fpaolilloo7@joomla.org,1,+62 214 117 0876
873,Lyell Sunshine,pn5fXhuppGa,lsunshineo8@timesonline.co.uk,1,+371 484 418 8305
874,Pippy Coyish,xcHjE68,pcoyisho9@yellowbook.com,1,+7 805 372 7912
875,Alfi Jiroudek,yU6QAFHXVCH,ajiroudekoa@forbes.com,1,+84 780 514 3537
876,Valentina Nelthropp,Yelt8h,vnelthroppob@technorati.com,1,+45 172 739 7333
877,Pincus Christley,7UrjQI5ufBG,pchristleyoc@noaa.gov,1,+60 214 415 0868
878,Tracy Freke,WbEX4U8tiJH6,tfrekeod@youtu.be,1,+46 836 781 6144
879,Kelvin Shackle,Cv0FItmf,kshackleoe@etsy.com,1,+7 294 350 3355
880,Malinda Spink,STrTgBR4BF2,mspinkof@newsvine.com,1,+81 532 181 0685
881,Zacharia Van den Hof,YLH1WPcZ,zvanog@google.es,1,+234 661 312 6327
882,Alessandro Collie,bpMaY4ZCm,acollieoh@berkeley.edu,1,+351 119 913 6641
883,Kirbie Adamoli,ha8rWz07q,kadamolioi@typepad.com,1,+62 464 774 8860
884,Wat Shemming,5kiIm4Ll6sTR,wshemmingoj@ftc.gov,1,+299 168 829 0571
885,Estell Gurrado,z4A4nc5Ec,egurradook@cafepress.com,1,+86 290 502 5705
886,Garry Novkovic,Ki5UTZ6V,gnovkovicol@aol.com,1,+86 934 652 1826
887,Roxana Carvilla,ce7nhP7O,rcarvillaom@huffingtonpost.com,1,+33 261 884 8120
888,Glynn Reoch,E25cGLbytvf,greochon@nih.gov,1,+7 669 981 8055
889,Guntar Owttrim,pbt2pHVBWIrV,gowttrimoo@engadget.com,1,+46 774 101 8524
890,Uriah Cregan,2PinvS9AxuTR,ucreganop@toplist.cz,1,+86 131 777 2331
891,Christan Scotland,hSyzM9gVNZ,cscotlandoq@google.com.au,1,+62 317 697 7885
892,Brandea Cottrill,I1psmOus1,bcottrillor@free.fr,1,+86 250 785 0632
893,Zea Beams,0NjDSlM,zbeamsos@npr.org,1,+358 184 874 6973
894,Bill Bacon,gFWKQ0F0ReB,bbaconot@illinois.edu,1,+62 526 502 7029
895,Sancho Beadell,kjRW20,sbeadellou@dagondesign.com,1,+351 490 571 6616
896,Julian Matterson,ZIxg9Lecd,jmattersonov@xrea.com,1,+7 129 606 3394
897,Dilan Enrdigo,xHj6b13djROx,denrdigoow@springer.com,1,+95 297 678 5819
898,Emilio Bysaker,5M3eyjNEhe,ebysakerox@reuters.com,1,+55 692 596 9144
899,Filmore Foulcher,5UVdbzxT94B,ffoulcheroy@skyrock.com,1,+236 421 626 8255
900,Mindy Pleager,fXnG8iNKtE,mpleageroz@dyndns.org,1,+58 365 972 2143
901,Charlene Triplet,HtDzRjXmLWtH,ctripletp0@constantcontact.com,1,+359 219 947 0053
902,Leland Luchelli,Z2VMN1ho,lluchellip1@deliciousdays.com,1,+86 648 856 8330
903,Silvia Offner,gh5BcwklIwPu,soffnerp2@adobe.com,1,+86 579 872 5993
904,Van Di Bartolomeo,cJqTzQ9,vdip3@pen.io,1,+62 418 228 8254
905,Julia Oswell,FVwWrEH,joswellp4@gnu.org,1,+504 470 765 1976
906,Alisun O'Cooney,Gce8Uk,aocooneyp5@gizmodo.com,1,+48 208 416 3907
907,Weston Gisborne,5TH68BVPybH,wgisbornep6@dailymail.co.uk,1,+971 938 178 3932
908,Sande Kamena,vn0ss63gxc,skamenap7@angelfire.com,1,+48 256 486 0219
909,Alaster De Fraine,3K4Hix49AAYE,adep8@dagondesign.com,1,+62 996 171 9352
910,Morton Bendley,WKFMe7RZq,mbendleyp9@cdc.gov,1,+86 955 502 6182
911,Francklin Exelby,8xjsP3Q,fexelbypa@uol.com.br,1,+62 640 927 0332
912,Elspeth Mattia,X2424R9F2ckn,emattiapb@miitbeian.gov.cn,1,+33 823 840 8484
913,Afton Mycroft,xGl4eVK,amycroftpc@msu.edu,1,+86 103 262 0439
914,Clo Oppie,dylknNX,coppiepd@tiny.cc,1,+51 605 843 1424
915,Talbert Trebble,DDu5DnlyxF,ttrebblepe@blogger.com,1,+62 962 175 7646
916,Dom Weatherley,Oul2V8Au6CzJ,dweatherleypf@netscape.com,1,+385 345 431 7435
917,Tim Scyone,I40QuEh,tscyonepg@whitehouse.gov,1,+55 701 209 6365
918,Vanny Rayner,oU4JXs,vraynerph@netlog.com,1,+86 332 885 3626
919,Shela MacGillicuddy,7dCYwdg,smacgillicuddypi@netscape.com,1,+86 889 421 9386
920,Codie Cuppleditch,yWCr1K,ccuppleditchpj@cbc.ca,1,+251 188 153 9492
921,Suzi Goffe,WaXFPnd2zCEq,sgoffepk@google.com,1,+351 839 654 3547
922,Esra Cumine,hQotnHNJka2z,ecuminepl@wunderground.com,1,+86 454 813 8909
923,Goldarina Deason,YsynKMpTCA,gdeasonpm@mit.edu,1,+63 305 352 2715
924,Romonda Kubik,l9Wcj4Y5e5Z,rkubikpn@spiegel.de,1,+47 728 296 5965
925,Hazel Cleal,SKviVgTA,hclealpo@behance.net,1,+353 314 772 2272
926,Michale Doubrava,vE89zgz1,mdoubravapp@tmall.com,1,+47 863 248 9405
927,Myrle Roggero,rgRoyZA3E,mroggeropq@npr.org,1,+62 812 159 9012
928,Adela Struther,gq5a2TN,astrutherpr@hostgator.com,1,+86 507 219 0455
929,Curr Rubinowitch,VtfPMF5wrREf,crubinowitchps@spotify.com,1,+502 101 556 2281
930,Junia Eglese,iM6Dtq07,jeglesept@va.gov,1,+33 719 581 6425
931,Rochella Benkhe,Ig5iDoEs,rbenkhepu@washington.edu,1,+1 404 522 5065
932,Hulda Rosekilly,zTC1rwRfEOm,hrosekillypv@plala.or.jp,1,+86 391 388 8666
933,Georgeanne McDirmid,bB1hb6NT,gmcdirmidpw@ebay.co.uk,1,+81 813 214 4488
934,Camel Hammerton,ew77yyx7s1i,chammertonpx@yahoo.com,1,+86 625 164 3430
935,Tallou Denisevich,bJFzaKIaNj,tdenisevichpy@imdb.com,1,+48 850 723 1019
936,Igor Beavis,gbd9x7,ibeavispz@a8.net,1,+216 188 659 7276
937,Lorette Perri,GdM5iih,lperriq0@cbc.ca,1,+7 141 180 0804
938,Mikey Deevey,FKWyEHbovlrI,mdeeveyq1@cnet.com,1,+86 551 625 6615
939,Joelle O'Tierney,6Sy5SFc7,jotierneyq2@yahoo.com,1,+505 286 579 0402
940,Charo Diplock,QRQWSZ5ydpS8,cdiplockq3@wunderground.com,1,+86 340 899 1749
941,Calhoun Dartan,GKqSx3WfH,cdartanq4@cnn.com,1,+46 587 886 1086
942,Ermengarde Gligori,Ad0tEiBM,egligoriq5@blinklist.com,1,+86 542 580 0385
943,Marco Smy,OAD8DPlUpI,msmyq6@ameblo.jp,1,+62 701 868 5216
944,Ernestine Waple,m1NrhqUaone,ewapleq7@dyndns.org,1,+48 162 309 9769
945,Thea Phizackarley,i98eph8mcni,tphizackarleyq8@nytimes.com,1,+598 825 970 2418
946,Xylia Fiske,L4KVLn,xfiskeq9@google.nl,1,+86 377 386 0294
947,Liv Leavy,yGrWH8HyAvJ,lleavyqa@ibm.com,1,+963 541 405 6059
948,Lyndy Gieraths,oE02RCajs,lgierathsqb@sina.com.cn,1,+48 688 360 1905
949,Karlene Caulcott,OtJaoto,kcaulcottqc@nasa.gov,1,+7 649 831 2309
950,Catlin Davidsohn,Jooo0SqJXX,cdavidsohnqd@reference.com,1,+972 594 487 8924
951,Phillie Cullnean,JVK3P2Zi,pcullneanqe@eepurl.com,1,+7 953 577 9950
952,Jamie Giacomi,QtJ9zztB6E,jgiacomiqf@qq.com,1,+372 774 116 2460
953,Ginevra Donisi,c16khm,gdonisiqg@feedburner.com,1,+420 363 234 0483
954,Ashli Frankowski,oGrdaLGYx,afrankowskiqh@sciencedirect.com,1,+1 227 753 7251
955,Daphne Williams,WV1fcaoch,dwilliamsqi@who.int,1,+218 607 411 0588
956,Lyon Bootell,4IbTclmoq,lbootellqj@dell.com,1,+351 189 276 4402
957,Blanch Witherbed,NDZllW,bwitherbedqk@a8.net,1,+1 240 858 4858
958,Jordon Woolforde,0X93Q2q,jwoolfordeql@craigslist.org,1,+351 786 569 6176
959,Edlin MacNucator,uAXu7t,emacnucatorqm@army.mil,1,+86 449 654 1463
960,Inna Wills,kLo2c4ZGi,iwillsqn@google.ru,1,+224 750 888 8275
961,Benita Tearny,l6Xi1gjH,btearnyqo@npr.org,1,+63 758 121 0275
962,Aida Connew,WiHMslHSVB,aconnewqp@ca.gov,1,+48 447 333 4285
963,Madalena Cotterell,sD8WSmalI,mcotterellqq@oracle.com,1,+86 586 587 4106
964,Osgood Menat,JNcIm2fJlI,omenatqr@newsvine.com,1,+39 525 190 9013
965,Anatollo Beeckx,RbT8UMm,abeeckxqs@springer.com,1,+48 274 938 8334
966,Merrily Percival,KFsbSa9IOM,mpercivalqt@goo.gl,1,+1 432 428 6767
967,Clarence Petyt,Pfk1ffSCQ2v,cpetytqu@comcast.net,1,+63 502 546 6241
968,Emmit Wolfe,UPuIpuh9,ewolfeqv@economist.com,1,+53 447 904 7644
969,Lynnell Varley,XL1MmWPWu,lvarleyqw@goo.ne.jp,1,+251 577 368 3129
970,Camala Trussell,wNdAEq9,ctrussellqx@google.es,1,+55 803 510 6636
971,Lesya Penny,V0CushUW904,lpennyqy@ucoz.ru,1,+351 701 470 9317
972,Janelle Thurgood,qnB61J,jthurgoodqz@liveinternet.ru,1,+230 379 770 4642
973,Deloria Unwins,1HRZ6Qt2I,dunwinsr0@twitter.com,1,+93 381 709 9688
974,Paulie Wingrove,KyKY3Iu,pwingrover1@google.co.uk,1,+63 866 647 8357
975,Desmund Bengochea,yV4vIwyc,dbengochear2@alexa.com,1,+380 920 846 0298
976,Richie Fegan,E4Q0tZ2k5o,rfeganr3@yolasite.com,1,+7 605 792 2971
977,Cinderella Pashan,tODW1ou0,cpashanr4@cdbaby.com,1,+86 235 388 8507
978,Kendre Norridge,e49wdYYQcH,knorridger5@dedecms.com,1,+33 641 433 2288
979,Franklyn Braidford,Rna20r2ft,fbraidfordr6@hao123.com,1,+380 802 790 9321
980,Clarita Auton,lLRvSC,cautonr7@sourceforge.net,1,+504 369 540 7063
981,Sonja Ogger,aF7UVAd,soggerr8@illinois.edu,1,+62 278 331 6460
982,Chlo Learman,yDRVNQ,clearmanr9@theatlantic.com,1,+86 420 291 8011
983,Nickey Aspinall,UFHm1DN73D,naspinallra@wordpress.org,1,+86 517 648 3792
984,Rosamond Geraldi,ctxikpbR,rgeraldirb@tripod.com,1,+86 432 685 4392
985,Matthieu Czajka,ffpy5j4B,mczajkarc@smh.com.au,1,+93 500 903 5430
986,Cathe Holtom,StL0yL86YZYy,choltomrd@artisteer.com,1,+351 499 636 2482
987,Ricard Towl,xLax62,rtowlre@usatoday.com,1,+7 435 190 5638
988,Marlena Pridham,V6nnzTB19t,mpridhamrf@intel.com,1,+63 965 681 0949
989,Fin Piddick,qAuEGqEVTL,fpiddickrg@marketwatch.com,1,+255 767 462 7882
990,Carol-jean Brick,3WTScchW,cbrickrh@alexa.com,1,+420 266 442 6003
991,Pinchas Kershow,NKxH0Hn,pkershowri@gmpg.org,1,+269 100 399 9444
992,Jorey Rabjohns,bdPmKYSjj,jrabjohnsrj@buzzfeed.com,1,+54 531 682 0293
993,Kippie Pigott,OqKATYBaFSl,kpigottrk@bing.com,1,+591 251 942 0162
994,Berri Goburn,jgXORoUjbNMb,bgoburnrl@typepad.com,1,+86 650 808 1817
995,Thomasa Vignaux,FSso3V5ON,tvignauxrm@npr.org,1,+86 704 757 0205
996,Lucille Bransby,fIZVGanx,lbransbyrn@weather.com,1,+358 551 553 7858
997,Meta Westmoreland,4EFLNHWHS,mwestmorelandro@biblegateway.com,1,+48 960 458 9060
998,Nanette Filov,85f6oaBW,nfilovrp@sina.com.cn,1,+20 780 474 3689
999,Vyky Brookshaw,DZ8SMEUjYxag,vbrookshawrq@msn.com,1,+256 707 657 9275
1000,Gunner Yegorkin,JlU5CWT8,gyegorkinrr@cornell.edu,1,+351 769 196 3202
