1001,Donni Willstrop,B7LB8bzEOjhk,dwillstrop0@marriott.com,0,+1 770 969 2512
1002,Lorrie Dagnall,YATsqYe0U,ldagnall1@army.mil,0,+351 767 537 7935
1003,Paxon O'Kynsillaghe,FM6OgNli,pokynsillaghe2@mysql.com,0,+63 405 628 4466
1004,Terrell Goldsmith,7OVFUDGhvNGj,tgoldsmith3@nationalgeographic.com,0,+228 977 537 6184
1005,Nicoline Eick,zbsE9JmGiB,neick4@ning.com,0,+86 345 877 7221
1006,Stephanie Dibben,1SyDWxsTpH,sdibben5@techcrunch.com,0,+86 609 892 0783
1007,Carroll Toms,O9nXrv,ctoms6@devhub.com,0,+380 897 612 5759
1008,Hilliard Feuell,HyyNwx03Dl,hfeuell7@cdc.gov,0,+93 529 540 4138
1009,Arley De Simone,xSktST6xcy,ade8@pen.io,0,+92 220 253 9425
1010,Marley Perigoe,9HBaA1X,mperigoe9@acquirethisname.com,0,+7 738 884 5262
1011,Bidget Heitz,3aKhXRp,bheitza@friendfeed.com,0,+370 112 431 6573
1012,Derwin Cathrall,uoYJeIHKM,dcathrallb@npr.org,0,+54 412 727 0647
1013,Donn Dufour,4JMhIQ,ddufourc@csmonitor.com,0,+505 415 147 5049
1014,Walden Aysik,MIFDxU6y,waysikd@oracle.com,0,+380 846 822 3722
1015,Jillian Haysar,ZCZs9L,jhaysare@toplist.cz,0,+63 766 434 7611
1016,Teodorico Rankmore,A2Hs1ce,trankmoref@toplist.cz,0,+86 991 505 4465
1017,Raleigh Faulks,u1AA1p7oV6iG,rfaulksg@bloglines.com,0,+86 357 296 2581
1018,Ulrike Lammenga,obxVGc6n,ulammengah@un.org,0,+66 137 758 3799
1019,Jewell Biles,BC9t89SC,jbilesi@geocities.jp,0,+385 492 751 6367
1020,Linnea Klink,Fifs3tWfL,lklinkj@indiatimes.com,0,+53 137 885 6341
1021,Durante Yves,6wiOvpVppfB5,dyvesk@whitehouse.gov,0,+81 859 503 9224
1022,Ainslie State,5fdHn4,astatel@macromedia.com,0,+92 661 150 4902
1023,Bridgette Romagosa,unDsTBaQsA26,bromagosam@yahoo.com,0,+380 156 768 2147
1024,Denis Filby,AxodZ7,dfilbyn@4shared.com,0,+502 182 893 0333
1025,Elton O'Deoran,9R01QV9oj,eodeorano@eepurl.com,0,+48 137 745 7691
1026,Elroy Coper,SAJB76VcSw4k,ecoperp@loc.gov,0,+62 904 532 1016
1027,Sindee Kidner,HmkwqZ4y0m,skidnerq@patch.com,0,+31 739 663 0509
1028,Calhoun Grzegorecki,SVjLBjjzV,cgrzegoreckir@ameblo.jp,0,+86 705 867 4347
1029,Francis Dorset,bRyYIEgHyo,fdorsets@wsj.com,0,+63 585 798 8510
1030,Reynolds Mc Corley,1Tg0nS1OCm,rmct@guardian.co.uk,0,+62 643 116 3748
1031,Janka Klemmt,zaTnaSz2nTDF,jklemmtu@typepad.com,0,+351 957 783 9859
1032,Bryn L'Hommeau,1rAtsyn,blhommeauv@ucla.edu,0,+62 856 452 3434
1033,Stephana Neilan,TkdVyRY9,sneilanw@seesaa.net,0,+86 468 972 4879
1034,Lula Worlock,Un2irT,lworlockx@msu.edu,0,+93 880 292 6750
1035,Thurstan Duignan,EfEyC8SBQSdS,tduignany@seesaa.net,0,+60 470 447 3607
1036,Ashbey Truder,jaGRZq,atruderz@cdc.gov,0,+86 726 780 7386
1037,Nissie Outibridge,yBs0KGB,noutibridge10@va.gov,0,+261 600 803 9731
1038,Dagny Chesnut,4jjClak,dchesnut11@timesonline.co.uk,0,+380 721 764 6603
1039,Marris Regorz,rgmzH3,mregorz12@qq.com,0,+1 214 464 1619
1040,Adelbert Olyonov,WDvKIh,aolyonov13@list-manage.com,0,+86 965 968 9623
1041,Richmond Kamen,1UAONv,rkamen14@samsung.com,0,+995 492 871 6593
1042,Erik Wane,QbLmT8Y9lrp,ewane15@themeforest.net,0,+387 209 512 8868
1043,Regina Manueau,vQBh7UhP7ku,rmanueau16@umn.edu,0,+62 552 792 3308
1044,Winnifred Birts,HuM46G3viwJ,wbirts17@php.net,0,+62 182 381 7663
1045,Lin Fellowes,k9iliEzH,lfellowes18@npr.org,0,+86 947 246 0219
1046,Mickie Detloff,qbBog7,mdetloff19@wisc.edu,0,+55 909 444 3500
1047,Merralee Punchard,TFRZsZhwDuS6,mpunchard1a@irs.gov,0,+86 757 372 7710
1048,Daryl Daviddi,AESk0o1,ddaviddi1b@meetup.com,0,+81 608 987 5927
1049,Sheela Beetham,Q4EgZTTWGx,sbeetham1c@ovh.net,0,+86 233 965 3087
1050,Carlita Dewer,b44EljBcvpm,cdewer1d@infoseek.co.jp,0,+7 843 107 9353
1051,Brant Hadcroft,rHB1ZrmA,bhadcroft1e@diigo.com,0,+33 765 760 3912
1052,Debi Josefson,7qToflWkIl,djosefson1f@usgs.gov,0,+81 662 185 4363
1053,Quintina Pittam,n9HM9tyy,qpittam1g@hao123.com,0,+1 817 755 0307
1054,Hewitt Bomb,hxAbMq8B,hbomb1h@blogspot.com,0,+86 146 534 7096
1055,Rocky Vial,AxdmikjMvZrT,rvial1i@japanpost.jp,0,+33 147 729 5526
1056,Shelli Lawling,uWQ4H2JO11X,slawling1j@wired.com,0,+7 442 917 6403
1057,Jammal Beesey,e9pOacUk,jbeesey1k@wiley.com,0,+86 345 829 0597
1058,Estella Roberson,PV0Wjj,eroberson1l@elpais.com,0,+81 634 141 4695
1059,Lenore Kainz,BsVeLra3S9,lkainz1m@indiatimes.com,0,+381 910 934 1200
1060,Hermia Lenihan,qmlGkWKwOlcO,hlenihan1n@indiegogo.com,0,+62 407 538 5465
1061,Sandor Bettenay,ob0a3qSMFf2O,sbettenay1o@github.com,0,+27 473 744 7127
1062,Herve Bloschke,BPaspxm,hbloschke1p@bloomberg.com,0,+63 298 272 9207
1063,Lorne Godar,hEG3sx2EJjjd,lgodar1q@ow.ly,0,+62 236 545 2447
1064,Belva Vellden,pOUV95v,bvellden1r@studiopress.com,0,+222 661 379 7569
1065,Wade Hollington,zneZepJRVZo,whollington1s@amazon.de,0,+880 161 301 9659
1066,Corbett Suddell,e3sRXB,csuddell1t@multiply.com,0,+234 708 115 3581
1067,Merna Shepland,cdVvxNi1sMC,mshepland1u@sciencedirect.com,0,+62 488 269 4065
1068,Theda Margrie,RpNX97Ls,tmargrie1v@domainmarket.com,0,+505 180 811 2428
1069,Cody Formoy,IKIUR3Ur0,cformoy1w@senate.gov,0,+86 787 533 2990
1070,Barron Elis,HUaLgtzM9tmY,belis1x@amazon.co.jp,0,+7 330 983 4258
1071,Julita Kuhnhardt,ogWxRpgEw1G,jkuhnhardt1y@live.com,0,+81 491 828 7920
1072,Abagail Lambourne,EAYf7kQt,alambourne1z@huffingtonpost.com,0,+57 438 849 0674
1073,Gibb Lennarde,5tP7tBm,glennarde20@icio.us,0,+1 949 649 1446
1074,Fayth Elwood,qynQPfPyzMyt,felwood21@wikimedia.org,0,+251 569 448 7556
1075,Nickie Wyper,29nlRq0w,nwyper22@newyorker.com,0,+62 417 507 2370
1076,Arlena Greenhead,FMoHStu5lha5,agreenhead23@amazon.co.jp,0,+86 113 374 0962
1077,Friederike Auty,YlVsycF1VIu,fauty24@twitpic.com,0,+267 146 955 4916
1078,Muhammad Andrea,Me04MNHR9,mandrea25@ft.com,0,+46 942 387 3925
1079,Cicily Gaitley,7Sarsv4iUkK,cgaitley26@addthis.com,0,+34 733 197 4808
1080,Case Drinkel,uvXtjW3wr1,cdrinkel27@vkontakte.ru,0,+51 385 694 4310
1081,Alica de Clerc,Ulu2CcH,ade28@oaic.gov.au,0,+86 778 231 4601
1082,Abie Varah,hoXAtixZdyd,avarah29@google.nl,0,+420 378 859 9790
1083,Hewitt Shatford,lrVbFymycI,hshatford2a@psu.edu,0,+1 714 480 3704
1084,Benji Kitcatt,BukDd2Auj,bkitcatt2b@naver.com,0,+86 911 863 1537
1085,Karalynn Pluthero,cxihzTc1,kpluthero2c@goo.ne.jp,0,+355 651 891 9340
1086,Bryce Raine,NHa6guetr,braine2d@netlog.com,0,+420 263 916 3818
1087,Meredith Lenden,EnAakIyq1,mlenden2e@opensource.org,0,+48 949 454 1962
1088,Chrissy Toyer,WXHaA4fLDxI,ctoyer2f@zimbio.com,0,+27 377 149 5665
1089,Wyn Pointer,xPsvOVncnr,wpointer2g@skyrock.com,0,+387 737 418 3835
1090,Stacia But,oRmcFY,sbut2h@tripod.com,0,+62 915 416 3304
1091,Zea Crossthwaite,SNflYVsgMBf,zcrossthwaite2i@nih.gov,0,+86 842 663 3375
1092,Minda Kener,OrwL1pSYH,mkener2j@blinklist.com,0,+7 594 418 2668
1093,Augusta Wallach,eh2f3Wc,awallach2k@list-manage.com,0,+86 708 951 9333
1094,Rivy O'Keaveny,NTs9Pj,rokeaveny2l@utexas.edu,0,+53 869 147 0762
1095,Beverlee Faichney,BcS8jNDezP5,bfaichney2m@springer.com,0,+86 202 693 7871
1096,Eberhard Royds,Ha2Pe1QQ6,eroyds2n@usda.gov,0,+375 122 694 8884
1097,Lorain Coen,E3dMGDZQc,lcoen2o@plala.or.jp,0,+1 918 575 7211
1098,Lizbeth Waddilow,6RqQyqusmN,lwaddilow2p@bbb.org,0,+86 372 213 8519
1099,Debor Palk,9CF8GiGe,dpalk2q@about.me,0,+62 958 492 9452
1100,Catha Petrusch,cZlRkPY6t,cpetrusch2r@ezinearticles.com,0,+57 954 650 7740
1101,Shirl Coppledike,5zgJyi,scoppledike2s@livejournal.com,0,+63 857 475 7153
1102,Jeramey Twining,KXyP9cN,jtwining2t@foxnews.com,0,+420 728 852 0400
1103,Sal Huxtable,EI8Hc5xt,shuxtable2u@unc.edu,0,+86 701 428 9298
1104,Bianka Hardwin,pxd6P3Xq27,bhardwin2v@flickr.com,0,+374 891 906 1210
1105,Andrea Bastard,VEw5Mx9,abastard2w@google.de,0,+63 546 543 1015
1106,Halie Trimmill,qjxdpucwPS,htrimmill2x@live.com,0,+62 670 946 8969
1107,Pearla Simnell,0AfP73x8CHME,psimnell2y@amazon.co.uk,0,+63 509 155 0777
1108,Gery Meffan,3Zmav2J,gmeffan2z@forbes.com,0,+54 111 302 9671
1109,Onfroi Ivanchov,nsfO7uT,oivanchov30@posterous.com,0,+92 727 194 5139
1110,Hobard Geary,PtSig68,hgeary31@is.gd,0,+62 923 607 0871
1111,Libbi Tyhurst,KuXFwAJ,ltyhurst32@examiner.com,0,+86 191 315 5075
1112,Matthias Gueinn,RswtZTQ7zZ,mgueinn33@tmall.com,0,+46 257 928 6097
1113,Elnar Cockle,1pMHnOw,ecockle34@odnoklassniki.ru,0,+1 757 137 4871
1114,Mathilda Laite,0oGH3JR,mlaite35@dailymail.co.uk,0,+7 336 192 1101
1115,Brenn Ciobutaru,Q2uryv8,bciobutaru36@bloglovin.com,0,+7 812 585 1975
1116,Wallis Bradnam,uehRfc,wbradnam37@w3.org,0,+7 783 105 5278
1117,Coraline Aitkin,U357OrN8JTV,caitkin38@hibu.com,0,+86 828 183 7632
1118,Burr Rannells,huyCOh,brannells39@rediff.com,0,+1 407 876 0998
1119,Darlleen Medway,O5dRFiUI,dmedway3a@rambler.ru,0,+48 579 100 2655
1120,Gerardo Myrtle,gy2xxVpEd49T,gmyrtle3b@reference.com,0,+420 242 510 4028
1121,Putnem Kalinsky,jfOEpvLz,pkalinsky3c@cbslocal.com,0,+48 200 240 1652
1122,Tara Leisk,YPU0GfLulKFf,tleisk3d@elpais.com,0,+53 336 695 4661
1123,Emera Millwall,ZZwm7WHFUixk,emillwall3e@utexas.edu,0,+234 742 748 5962
1124,Zorina Delacourt,9yUdFg5,zdelacourt3f@senate.gov,0,+62 951 477 5152
1125,Mercedes Gerald,rtT1q7sBzxVC,mgerald3g@topsy.com,0,+86 461 578 8360
1126,Atlanta Orriss,DnT4YAk41q,aorriss3h@tripadvisor.com,0,+380 364 963 4406
1127,Neal Perrat,cDoV1PC,nperrat3i@networksolutions.com,0,+63 672 743 1070
1128,Wini Murrish,lFqLLKWfCn,wmurrish3j@google.it,0,+1 365 185 1729
1129,Vinny Stone,w396oIf2,vstone3k@who.int,0,+63 613 299 9093
1130,Berti McMains,GuttDLx0,bmcmains3l@newyorker.com,0,+1 479 594 4193
1131,Ophelie Garett,ZD6Shg2O1,ogarett3m@washingtonpost.com,0,+86 691 447 4575
1132,Donny Jovovic,OxCvhg,djovovic3n@google.com.br,0,+502 403 362 3432
1133,Jamie Lille,19vXa1UBsO,jlille3o@i2i.jp,0,+55 887 669 8404
1134,Averil Thynn,icKx5UZJ,athynn3p@twitpic.com,0,+256 296 914 7047
1135,Ramsay Ruddin,ZKA3jqIx,rruddin3q@a8.net,0,+351 892 115 6619
1136,Dick Critoph,1eh6lSmt,dcritoph3r@epa.gov,0,+62 269 237 3735
1137,Rianon Brimley,iuvtoE4U7yn,rbrimley3s@cdbaby.com,0,+51 921 694 0238
1138,Rodney Neesam,hryXesG,rneesam3t@dyndns.org,0,+1 205 186 2890
1139,Pedro Petroulis,SPbqRZY5Vf,ppetroulis3u@macromedia.com,0,+994 971 731 7532
1140,Lin Straneo,3qKekq6WMmB,lstraneo3v@mit.edu,0,+66 238 715 7749
1141,Aurelie Padilla,yifVHkbo,apadilla3w@nature.com,0,+20 236 681 3379
1142,Blakelee Plaid,XPBe98Cu8R,bplaid3x@addtoany.com,0,+86 827 506 7166
1143,Averyl Warrier,sj7rcq61cy,awarrier3y@disqus.com,0,+380 230 119 6205
1144,Shaina Parrett,bRIJ45IzlyCB,sparrett3z@goo.ne.jp,0,+86 151 400 8417
1145,Zorine Bramley,1JShdbbYOGg,zbramley40@weather.com,0,+263 327 890 4979
1146,Tamarra Kitter,JlvCmvCv,tkitter41@cdbaby.com,0,+7 451 741 9664
1147,Edwin Larby,O3Ice9i,elarby42@ezinearticles.com,0,+31 750 468 5864
1148,Wolfgang Adams,8tvXTV,wadams43@mayoclinic.com,0,+86 360 926 3580
1149,Ralina Cracoe,pzSWDv82bn,rcracoe44@scribd.com,0,+998 708 567 4982
1150,Jessalyn Coetzee,frAqZHgms8,jcoetzee45@tinyurl.com,0,+260 310 510 2265
1151,Keefer Siemianowicz,fTbVN3,ksiemianowicz46@princeton.edu,0,+7 663 896 5963
1152,Yolanda Prudham,YmbcKPo,yprudham47@so-net.ne.jp,0,+54 624 790 9679
1153,Jonathan Norsister,S582ble0,jnorsister48@utexas.edu,0,+7 775 167 6828
1154,Helyn Giacobelli,7hpzqlILl,hgiacobelli49@goo.gl,0,+221 909 417 0491
1155,Armand Fincher,OAl8gpnWc,afincher4a@oakley.com,0,+86 220 384 4532
1156,Kath Chittem,YVVbCF0,kchittem4b@thetimes.co.uk,0,+963 487 285 7307
1157,Amelina Jacobowicz,CYkuvWsZTGc,ajacobowicz4c@t.co,0,+55 541 631 2131
1158,Sarge Frise,22fqoc9g,sfrise4d@jalbum.net,0,+86 648 841 6548
1159,Etta Ritzman,eC7cam4Nv,eritzman4e@auda.org.au,0,+55 178 965 0329
1160,Lon Burdis,IRZHjMhWdLVk,lburdis4f@google.es,0,+55 135 881 9471
1161,Stephenie Mathely,GN2luiewXp,smathely4g@t-online.de,0,+98 764 272 6930
1162,Allayne De la Yglesias,OnA8KxbCT1,ade4h@kickstarter.com,0,+353 231 932 8547
1163,Karolina Myderscough,LgTzoEWm,kmyderscough4i@bbc.co.uk,0,+86 574 618 3179
1164,Hart Shelp,UvHefPKFULe,hshelp4j@nydailynews.com,0,+98 369 542 7237
1165,Tremain Ogden,sDOHHfk7,togden4k@marriott.com,0,+351 573 104 5768
1166,Homer Odo,XpPOJwvHOL,hodo4l@photobucket.com,0,+33 812 360 5100
1167,Byron Matuszak,0adUsiFDO,bmatuszak4m@hatena.ne.jp,0,+389 214 104 2547
1168,Chloe Polglase,aecAkKGPwSZ,cpolglase4n@adobe.com,0,+86 770 821 8081
1169,Ive Iglesia,Rx8CLF3,iiglesia4o@4shared.com,0,+7 279 940 0017
1170,Lindy Craker,utLG7kODJo,lcraker4p@mashable.com,0,+51 458 942 6836
1171,Dedie Wellesley,cgA125Ecc5,dwellesley4q@deviantart.com,0,+86 416 144 7046
1172,Anatollo Moreton,eXDbTT4YFbt4,amoreton4r@narod.ru,0,+389 196 208 9272
1173,Emiline Jakoubec,ADrY1At,ejakoubec4s@amazon.co.uk,0,+27 218 733 0408
1174,Paten Watson,0nHGhpo8Hkj,pwatson4t@dailymotion.com,0,+86 761 824 4019
1175,Marthe Devita,mJhEMAYDTrHv,mdevita4u@shareasale.com,0,+358 862 382 9862
1176,Linell Ziemecki,KcqdvaTcU9xQ,lziemecki4v@biblegateway.com,0,+503 298 397 4076
1177,Anselm Seelbach,DyS4UJ7Z,aseelbach4w@yellowpages.com,0,+86 514 680 2881
1178,Dacy Dibdall,VxSJOma,ddibdall4x@va.gov,0,+7 554 875 2464
1179,Ami Beecker,KIFFipSbRuS,abeecker4y@arstechnica.com,0,+86 798 171 1954
1180,Bondy Holyland,asEe6u,bholyland4z@simplemachines.org,0,+62 185 269 6258
1181,Man Dulany,XZXCkMutna,mdulany50@diigo.com,0,+62 391 872 7959
1182,Steward Garnsworth,vx4GTeV93zQf,sgarnsworth51@cmu.edu,0,+66 822 589 3701
1183,Alberik Roja,Y2eEAYI5,aroja52@wordpress.org,0,+7 388 752 7993
1184,Gustaf Leathley,Yh0e8aC5k,gleathley53@biglobe.ne.jp,0,+86 246 272 5006
1185,Brook Spenton,GIKBj2jhJ,bspenton54@dropbox.com,0,+55 192 194 8358
1186,Celestia Bromehead,X7mCbQmx4o,cbromehead55@china.com.cn,0,+33 199 950 2395
1187,Claudio Sokill,eyErdvc,csokill56@cmu.edu,0,+46 745 775 5398
1188,Karleen Dulling,DpHHpfAic0D9,kdulling57@spotify.com,0,+970 416 308 4470
1189,Pedro Morten,0t2bwv,pmorten58@geocities.com,0,+502 560 745 9692
1190,Brockie Inston,gDDErxRti,binston59@mlb.com,0,+382 576 641 1594
1191,Tamra Clitheroe,Mfb2tDEREPp,tclitheroe5a@privacy.gov.au,0,+252 365 876 8682
1192,Griffin McGeagh,V6WLm03tNlkp,gmcgeagh5b@taobao.com,0,+55 403 501 9398
1193,Em Mathouse,JNmeYTT,emathouse5c@slideshare.net,0,+55 601 906 4792
1194,Benjy Pennoni,6JMbIm6EJ,bpennoni5d@army.mil,0,+509 444 131 7773
1195,Danna Swinnard,tqJBkN85Q5z,dswinnard5e@rediff.com,0,+963 579 838 2720
1196,Georgine Aleswell,pEfi89p,galeswell5f@loc.gov,0,+86 503 597 6744
1197,Berrie Loude,pwDjJQtz,bloude5g@123-reg.co.uk,0,+591 656 307 0927
1198,Flore Aberdein,gqKmx2yX3eHV,faberdein5h@earthlink.net,0,+86 781 790 5936
1199,Morgan Alpin,m6wrmoQ,malpin5i@upenn.edu,0,+66 875 721 7352
1200,Carolan Bingle,RctQnwXg,cbingle5j@mashable.com,0,+48 411 163 6735
1201,Menard Demogeot,yZKTr3y,mdemogeot5k@state.gov,0,+31 894 581 8601
1202,Casper Rushmer,B99cJEcuc,crushmer5l@microsoft.com,0,+66 486 258 6727
1203,Nert Swannick,EhEclY,nswannick5m@shareasale.com,0,+86 413 492 4966
1204,Lisabeth Everton,8qkPFd2Y,leverton5n@army.mil,0,+52 504 518 0964
1205,Hana Jearum,6BFDL9uzCe,hjearum5o@redcross.org,0,+55 545 551 7418
1206,Mortimer Du Hamel,0Crx47,mdu5p@ebay.com,0,+992 372 899 8880
1207,Eleonore Bullimore,eqqORMHAl,ebullimore5q@vkontakte.ru,0,+51 955 482 1448
1208,Nina Whiteford,kui4w5U,nwhiteford5r@pbs.org,0,+30 307 997 9495
1209,Annissa Thormwell,t5EZo1YOJrh,athormwell5s@admin.ch,0,+84 914 819 0922
1210,Giusto Trunks,l6oDpV,gtrunks5t@jimdo.com,0,+994 596 446 3597
1211,Patrice Newcomb,ftkd8qqzlma,pnewcomb5u@un.org,0,+504 199 619 9271
1212,Hana Ciciura,63AarGVC3,hciciura5v@nps.gov,0,+66 595 558 1451
1213,Diarmid Swiggs,8rqCEah,dswiggs5w@gov.uk,0,+86 916 469 1367
1214,Dulcie Howel,Xl2pPa,dhowel5x@ihg.com,0,+7 418 659 9010
1215,Gunter Esposito,ma7pZCoNQ70,gesposito5y@sciencedirect.com,0,+84 399 550 0964
1216,Jeanie Kimbley,bZwo3K30LZ,jkimbley5z@shop-pro.jp,0,+86 443 502 8235
1217,Hannie Sterrie,CRzv3o5AF,hsterrie60@bbb.org,0,+86 145 941 5049
1218,Foss Stonman,8AKRdcQMC,fstonman61@youtu.be,0,+351 206 948 3941
1219,Iosep Lockie,qmuGRew,ilockie62@shutterfly.com,0,+420 705 360 2778
1220,Vally Goodbourn,16qGUMOvD,vgoodbourn63@yelp.com,0,+7 261 996 0478
1221,Golda Folger,4Di5k7S,gfolger64@oaic.gov.au,0,+970 224 155 9159
1222,Tandie Shawyer,7rqkAqNZQKgj,tshawyer65@va.gov,0,+1 633 793 4589
1223,Koralle Licciardo,BeSfys,klicciardo66@merriam-webster.com,0,+51 796 384 1846
1224,Guglielma Flewan,hZbxFm7U,gflewan67@rakuten.co.jp,0,+7 185 597 4730
1225,Goran Kayes,2CdbUJYuA,gkayes68@deliciousdays.com,0,+7 536 959 2180
1226,Jarred Rosenstiel,YgaojoCj,jrosenstiel69@youtu.be,0,+55 793 585 2410
1227,Shandee Asling,d3NXJPsasf,sasling6a@weebly.com,0,+420 710 334 9261
1228,Lyssa Sorrell,kcXrMwwi,lsorrell6b@abc.net.au,0,+86 884 935 1067
1229,Megan Acedo,ZetuxyQgSg6,macedo6c@bandcamp.com,0,+62 431 175 6450
1230,Fredericka Smeaton,qbHai1FPia,fsmeaton6d@bbb.org,0,+62 748 649 9729
1231,Feodor Harg,PKiUo2bu,fharg6e@comcast.net,0,+48 489 578 7698
1232,Milton Chagg,ptzpJ7TotgTu,mchagg6f@goodreads.com,0,+372 479 511 6295
1233,Alexandra Cooley,z8ENC2iHXp6a,acooley6g@technorati.com,0,+63 235 462 9104
1234,Elvyn Aloshikin,uYoYeMM,ealoshikin6h@ow.ly,0,+51 798 712 9079
1235,Gracie Fogt,TSU0lUDp6EBA,gfogt6i@netvibes.com,0,+86 857 962 9784
1236,Lannie Boyer,65uIsBZahmUi,lboyer6j@godaddy.com,0,+48 995 652 1225
1237,Leoline Giacopazzi,hM3CHA,lgiacopazzi6k@wufoo.com,0,+52 719 247 9872
1238,Wally Sollime,KZbs5lp,wsollime6l@globo.com,0,+48 384 246 5541
1239,Roanne Holton,ZASSgVgqER,rholton6m@ebay.co.uk,0,+86 727 526 0180
1240,Hedwiga Bortoli,6mYuzyWX33Rg,hbortoli6n@yandex.ru,0,+81 909 978 7551
1241,Bibbye Rotge,TlszeujA,brotge6o@google.com.au,0,+86 678 268 4591
1242,Gaultiero Habbershon,KwMtzOUO3w,ghabbershon6p@addtoany.com,0,+48 721 735 9379
1243,Dacie Barneveld,NhR0VJKlqt,dbarneveld6q@geocities.jp,0,+54 395 789 3827
1244,Brittni Vina,xVsRughvESBp,bvina6r@reference.com,0,+420 914 375 5342
1245,Ferdinande Antwis,HOAeVXUX,fantwis6s@bluehost.com,0,+66 743 137 1916
1246,Keefer McConachie,96NhERVp7,kmcconachie6t@facebook.com,0,+51 290 149 0627
1247,Barrie Heaney`,VIoZEF,bheaney6u@histats.com,0,+33 869 658 3235
1248,Daveta Ferrer,wcSQ6T,dferrer6v@csmonitor.com,0,+92 689 927 6121
1249,Gaspard Balstone,yu59eS2Slfz,gbalstone6w@geocities.jp,0,+81 388 929 1145
1250,Gawen Hatchett,4H4qfqV8r2Q,ghatchett6x@independent.co.uk,0,+86 574 987 0691
1251,Jimmy Toderi,90utra,jtoderi6y@hc360.com,0,+86 360 975 1711
1252,Sherri Vannini,2C97TE,svannini6z@liveinternet.ru,0,+46 843 153 5049
1253,Gerti Brewitt,Mz97yM3,gbrewitt70@yahoo.co.jp,0,+33 686 887 7052
1254,Andrea Cuttell,urVxeHengnzS,acuttell71@unicef.org,0,+46 934 210 8799
1255,Mandie Chawner,oPkcxu,mchawner72@domainmarket.com,0,+382 960 133 5923
1256,Maxie Penchen,JZACUd,mpenchen73@who.int,0,+63 432 689 6440
1257,Holly-anne Prine,hiK6u4SgH,hprine74@sciencedaily.com,0,+62 864 648 8519
1258,Quinn Dunford,jKQO5Xg27Iz,qdunford75@noaa.gov,0,+81 382 284 3036
1259,Trever Greatrex,9EOZGm0ej,tgreatrex76@webeden.co.uk,0,+216 471 916 5360
1260,Isaac Durgan,vWxJ7q,idurgan77@house.gov,0,+55 347 188 9227
1261,Ophelia Pearn,XYnNt79UnkK,opearn78@desdev.cn,0,+86 601 990 5365
1262,Locke Hebbard,vjDrLfmIMU,lhebbard79@unesco.org,0,+81 680 599 2459
1263,Cammy Adrienne,djsnFnJLYOv,cadrienne7a@ameblo.jp,0,+1 609 449 9354
1264,Daisi Laming,36fppXO,dlaming7b@hexun.com,0,+52 870 877 3585
1265,Olly Shory,jv2aEYyR4,oshory7c@sciencedirect.com,0,+55 458 488 2460
1266,Simone Deyes,W8iyI5vIYLTR,sdeyes7d@mtv.com,0,+234 332 235 8395
1267,Hinze Dumpleton,mpC2MX7V,hdumpleton7e@nsw.gov.au,0,+380 861 480 9578
1268,Anna-diane Basham,JStlAmgz,abasham7f@hubpages.com,0,+57 989 212 8905
1269,Kinny Salack,B7jHJX6,ksalack7g@icio.us,0,+1 245 173 2393
1270,Olive Charlewood,7pUhQFr6g,ocharlewood7h@google.com.br,0,+7 664 672 3480
1271,Chaddie Cornbell,IdndaEyVVtlR,ccornbell7i@ihg.com,0,+1 882 127 6950
1272,Elonore Ganders,psyXTIhWn,eganders7j@over-blog.com,0,+86 536 739 1829
1273,Willdon Izard,GMh20vR,wizard7k@nps.gov,0,+48 830 603 8479
1274,Karissa Palliser,DjQeCH6P,kpalliser7l@statcounter.com,0,+63 617 629 4858
1275,Katheryn Servante,or7SBN2r,kservante7m@creativecommons.org,0,+62 465 963 5148
1276,Nicolis Goodlife,YS4OD9q7P,ngoodlife7n@etsy.com,0,+66 851 341 6465
1277,Giselbert Blundan,mKOu7946t,gblundan7o@sina.com.cn,0,+66 940 194 8685
1278,Isaak Monahan,7ygkaky6,imonahan7p@go.com,0,+249 391 830 2073
1279,Raven Frape,OWCqQDOFo,rfrape7q@walmart.com,0,+7 117 659 0501
1280,Fonz Dominici,AAfDcp,fdominici7r@sphinn.com,0,+62 112 685 6013
1281,Aubrey Boxill,E4sbts27,aboxill7s@creativecommons.org,0,+81 986 457 3370
1282,Rockwell Bending,zo0wswKW,rbending7t@infoseek.co.jp,0,+420 488 336 1495
1283,Fraze Stenners,gVSdGkkN4FGx,fstenners7u@typepad.com,0,+62 927 794 9861
1284,Paulo Wall,odxyBuLJ,pwall7v@nbcnews.com,0,+63 241 747 1106
1285,Marsiella Kiss,PZmKj0TvpYi4,mkiss7w@yellowbook.com,0,+86 376 414 3524
1286,Winthrop Hopkyns,UHOrjh,whopkyns7x@eventbrite.com,0,+63 733 646 0165
1287,Katinka Hurlin,O0m87MuWb0uk,khurlin7y@loc.gov,0,+86 967 565 0540
1288,Maud Clemence,ZMB2PQ,mclemence7z@samsung.com,0,+86 985 863 4419
1289,Lyon Butterwick,yi37LOD,lbutterwick80@abc.net.au,0,+48 854 740 1198
1290,Layne Upstell,BUHRPFXf,lupstell81@blogs.com,0,+1 145 286 2071
1291,Bebe Girod,3GLcNSj7iV,bgirod82@howstuffworks.com,0,+47 190 652 7073
1292,Lorne Connow,ad1pZVDL,lconnow83@arizona.edu,0,+261 644 634 1737
1293,Carmine Scholl,NUNd0kdo,cscholl84@about.me,0,+230 252 167 4103
1294,Tess Syde,yhB42FC,tsyde85@comcast.net,0,+54 624 657 4078
1295,Chester Methley,SnQOAWr5,cmethley86@japanpost.jp,0,+62 510 467 2703
1296,Brandy Morgon,IwDP5rfXDd,bmorgon87@google.ru,0,+353 648 882 2433
1297,Analise Guyot,dYibhl,aguyot88@latimes.com,0,+1 754 713 9016
1298,Delaney Burleigh,7dhPE6KCnlid,dburleigh89@walmart.com,0,+48 605 600 9739
1299,Sapphire Kensett,1iQFiDZos9D,skensett8a@stumbleupon.com,0,+30 373 559 9083
1300,Saxon Fessler,foqRyh,sfessler8b@uiuc.edu,0,+52 672 756 0427
1301,Valaree Sykora,SvNeLF,vsykora8c@google.com.br,0,+62 333 556 6441
1302,Eal Zavattari,CJPs4ZTVj7ER,ezavattari8d@craigslist.org,0,+48 531 924 1580
1303,Neron Pluthero,pT3foAMZPl8,npluthero8e@techcrunch.com,0,+389 911 815 5605
1304,Rosella Quantrell,p5kcx8RVf,rquantrell8f@youtu.be,0,+62 252 459 8236
1305,Gorden Crotch,dJLPXp8,gcrotch8g@umn.edu,0,+86 258 313 9405
1306,Bert Maudlen,IltsXdeV,bmaudlen8h@independent.co.uk,0,+504 258 852 3396
1307,Modestia Meachen,YQRZNzLEo,mmeachen8i@wordpress.org,0,+48 148 549 9039
1308,Currie Murison,31XQkNVTCOsX,cmurison8j@histats.com,0,+62 809 145 5086
1309,Sunny Schapiro,ExHyuX,sschapiro8k@mapy.cz,0,+7 559 367 3273
1310,Warner Hought,9i5C3bgxliKG,whought8l@narod.ru,0,+81 793 472 5364
1311,Adolphe Kalisz,Ua5FPDw,akalisz8m@cnbc.com,0,+86 735 648 9337
1312,Jeremie Turmel,7APQHOAvyZ,jturmel8n@jalbum.net,0,+7 581 724 3919
1313,Margaret Gonnelly,qqYN2pQZs,mgonnelly8o@ucsd.edu,0,+86 805 898 7209
1314,Laurice MacCafferky,I60pNOi,lmaccafferky8p@youtube.com,0,+86 766 265 5341
1315,Rowney Filyashin,Unpe9U08,rfilyashin8q@wisc.edu,0,+55 394 878 0434
1316,Nanni Powton,sGPz2Lm,npowton8r@marriott.com,0,+62 151 996 9069
1317,Cherlyn Budik,j5xLGreHU,cbudik8s@dot.gov,0,+373 116 809 1051
1318,Berenice Rean,pHN0ruD80K,brean8t@dailymotion.com,0,+55 652 719 3054
1319,Johnny Knappen,VQ9ze4JVleGG,jknappen8u@patch.com,0,+380 853 982 9482
1320,Aleda Kittel,XtnOXyeeMP,akittel8v@devhub.com,0,+94 614 537 4954
1321,Elinor Di Giacomo,CpO6xY3x,edi8w@paypal.com,0,+30 613 133 5587
1322,Law Poyzer,fxed4yY,lpoyzer8x@instagram.com,0,+7 922 955 7453
1323,Marcelo Gotch,49sPLB6axG,mgotch8y@ezinearticles.com,0,+33 145 393 2345
1324,Robinson Hessentaler,OkvNoCsQD1Gp,rhessentaler8z@hibu.com,0,+504 182 565 4322
1325,Alli Toffel,K65xaakCUVcS,atoffel90@istockphoto.com,0,+381 585 759 5211
1326,Melony Pedron,40yWS8PNqHl,mpedron91@xrea.com,0,+46 780 224 6041
1327,Blinni Grubbe,jrP6XulvsPv,bgrubbe92@answers.com,0,+62 380 671 3918
1328,Angus Bold,jIghdQrdl,abold93@arizona.edu,0,+81 617 593 4290
1329,Ferrell Curphey,KQduVMq6,fcurphey94@omniture.com,0,+48 726 124 5526
1330,Silvana Durbin,fH3ADDVVcJ,sdurbin95@google.nl,0,+996 762 871 1654
1331,Garik Murra,nDOJU4iN,gmurra96@ucla.edu,0,+62 828 160 6950
1332,Delly Stark,oBXro2H,dstark97@vk.com,0,+61 830 297 1975
1333,Heloise Kohtler,FdDGuNdZooMM,hkohtler98@smugmug.com,0,+58 243 988 9746
1334,Nana Ransbury,CxErChe,nransbury99@toplist.cz,0,+7 381 340 6042
1335,Garrott Dominelli,FWVsc6UDp4u2,gdominelli9a@timesonline.co.uk,0,+55 547 696 1523
1336,Tommi Jenyns,CS4sF7MNtJ,tjenyns9b@walmart.com,0,+267 730 351 3225
1337,Man Radke,arWx7MjW,mradke9c@usatoday.com,0,+63 433 305 5909
1338,Felizio Gordon,KmCKzVVap,fgordon9d@tmall.com,0,+255 995 874 0363
1339,Sonnie Gaywood,eSlbz4,sgaywood9e@pbs.org,0,+86 744 929 8792
1340,Matthaeus Smaleman,KmPwjNv,msmaleman9f@yolasite.com,0,+81 694 950 9204
1341,Geri Gallifont,FWx8MbDK,ggallifont9g@tripod.com,0,+27 814 968 3611
1342,Lon Eallis,kCL2MV,leallis9h@unicef.org,0,+62 350 245 2993
1343,Kaylyn Willgrass,R1s1rGw2,kwillgrass9i@bandcamp.com,0,+81 162 212 3303
1344,Roda Ainsby,MhpNpx,rainsby9j@tamu.edu,0,+48 970 702 1091
1345,Jacob Amort,VV9WAMGTsZq,jamort9k@springer.com,0,+86 589 183 1585
1346,Clo Kilbride,Ngnrrd,ckilbride9l@shutterfly.com,0,+48 761 435 4302
1347,Karlen Humbatch,GHCFIeFM1,khumbatch9m@sogou.com,0,+86 491 112 5004
1348,Horton Nunson,G7NIq1,hnunson9n@wikispaces.com,0,+81 200 230 1787
1349,Ludvig Breakwell,Cy3sMV,lbreakwell9o@nba.com,0,+63 236 427 3571
1350,Dre Waren,XyYN8BUGhD7,dwaren9p@ifeng.com,0,+86 214 582 3263
1351,Romola O'Suaird,7qMA8Y0Jvh,rosuaird9q@independent.co.uk,0,+60 294 104 7700
1352,Dori Bouldstridge,cXD7VPK,dbouldstridge9r@mac.com,0,+351 689 563 3277
1353,Walsh Spaduzza,U88Sn1xB,wspaduzza9s@etsy.com,0,+967 543 695 8441
1354,Franciska Baverstock,QRM3MML6jE,fbaverstock9t@hhs.gov,0,+351 507 780 8905
1355,Grange Runham,Ojz7LRfnsO,grunham9u@techcrunch.com,0,+372 614 672 4519
1356,Lalo Penquet,CWhzRqDEeh5B,lpenquet9v@tinypic.com,0,+420 346 361 3216
1357,Cart Monan,XtU7h09,cmonan9w@tumblr.com,0,+33 979 545 4769
1358,Harli Chaffe,381gOB,hchaffe9x@wp.com,0,+34 961 519 6919
1359,Meryl Jessen,JP8LvWFSK4,mjessen9y@webeden.co.uk,0,+86 790 714 3709
1360,Clarie Toretta,aAYuDle,ctoretta9z@nsw.gov.au,0,+590 697 137 4903
1361,Calvin Skellorne,cExfpDwi,cskellornea0@nature.com,0,+62 578 585 4668
1362,Edyth Steffens,3SQmjrJSGwnQ,esteffensa1@yahoo.co.jp,0,+420 363 775 4148
1363,Bay Drei,6R8QpuzGK,bdreia2@howstuffworks.com,0,+221 385 266 0256
1364,Gweneth Lochead,Ty4x5oso,glocheada3@exblog.jp,0,+507 858 605 0415
1365,Emelina MacGruer,S7YFgUQtk,emacgruera4@fastcompany.com,0,+223 470 560 5734
1366,Deeanne Livingstone,Xq7zlmLzUV,dlivingstonea5@arstechnica.com,0,+353 772 156 7809
1367,Bartram Filppetti,LWi6K7hgGQD,bfilppettia6@livejournal.com,0,+86 872 353 2574
1368,Minne Cone,4ea7NvQ,mconea7@webeden.co.uk,0,+251 621 427 3190
1369,Janenna Parsand,57ruc8LmzWIe,jparsanda8@sciencedirect.com,0,+502 666 131 3631
1370,Steffane Girardot,z2xzzGFfq,sgirardota9@mapquest.com,0,+46 873 805 1604
1371,Goraud Grandison,8XWWAn9IQC,ggrandisonaa@google.it,0,+62 298 167 2945
1372,Devy Chomicz,53ToJQVb,dchomiczab@unesco.org,0,+98 394 530 7060
1373,Barthel Thunnercliff,fIiQhFE7WlTj,bthunnercliffac@berkeley.edu,0,+46 538 575 8213
1374,Rahal Grayley,TnbIENX,rgrayleyad@redcross.org,0,+62 298 728 5386
1375,Conny Hullett,PkfTFZ4t,chullettae@prweb.com,0,+66 626 788 2480
1376,Rustie Coase,CjLa5jyJ,rcoaseaf@nifty.com,0,+54 116 311 9995
1377,Lorens Moubray,kuGVS3Z7i,lmoubrayag@wix.com,0,+977 480 625 9436
1378,Eduino Stickels,SmNF6Q6M,estickelsah@japanpost.jp,0,+86 455 481 1323
1379,Blinny Ivanchov,NeCIxBzQBpb,bivanchovai@webmd.com,0,+86 341 238 4314
1380,Winfield Handling,I28mJRXiAsy1,whandlingaj@opensource.org,0,+81 464 880 0420
1381,Alexandre Willimont,wEe28abK,awillimontak@feedburner.com,0,+420 234 177 7983
1382,Elly Johnikin,PHVaNGh7HrS9,ejohnikinal@amazon.co.jp,0,+7 850 875 6974
1383,Hagan Castagneri,RCnoBq8M,hcastagneriam@liveinternet.ru,0,+351 627 382 9535
1384,Rex Sivior,XYMx2fv9jnXp,rsivioran@yahoo.co.jp,0,+351 946 363 7663
1385,Harrie Crookes,vKg2nu,hcrookesao@blinklist.com,0,+86 254 791 0428
1386,Gardener Vidgen,caf7iveT,gvidgenap@globo.com,0,+86 344 826 4227
1387,Marinna Baxill,Se6vuVXUe7,mbaxillaq@narod.ru,0,+86 974 998 7836
1388,Cornell Masding,wZYq7Za,cmasdingar@epa.gov,0,+351 202 788 5398
1389,Lishe Roughey,kPjZJSeJLY8J,lrougheyas@npr.org,0,+62 231 920 0440
1390,Brnaba Rysdale,PGWsbTYDR,brysdaleat@princeton.edu,0,+355 165 603 1205
1391,Arda Ellacombe,eGYaRv,aellacombeau@prweb.com,0,+33 105 282 9356
1392,Beverie Ickeringill,rV2pKz6Bp,bickeringillav@foxnews.com,0,+51 294 505 9929
1393,Stanislaus Northcote,qKMbxXrbxz,snorthcoteaw@issuu.com,0,+7 980 521 4554
1394,Claudie Espadate,HYkwFBH6DrI,cespadateax@google.ru,0,+33 812 444 3145
1395,Padraic Greenwood,3hEdUK,pgreenwooday@mit.edu,0,+46 181 325 4175
1396,Stanton Cowey,clzMnZ17,scoweyaz@example.com,0,+359 556 712 5084
1397,Kaspar Haskell,UHe7Jd5M8UE,khaskellb0@multiply.com,0,+963 668 478 1388
1398,Ashley Beavis,xzMg3TdfpfM,abeavisb1@ucsd.edu,0,+86 798 948 1282
1399,Alastair Vennard,zp85Y2,avennardb2@123-reg.co.uk,0,+504 475 700 4787
1400,Itch Rallings,BBzqgcqN7hxQ,irallingsb3@nps.gov,0,+86 788 586 9234
1401,Norris Santorini,olQmuyRjNGkh,nsantorinib4@slashdot.org,0,+7 467 714 6609
1402,Selma Pollack,cdPzy8bmJqR,spollackb5@google.ru,0,+86 489 720 1627
1403,Blythe Silbermann,6YeHs2E,bsilbermannb6@vistaprint.com,0,+7 337 847 9398
1404,Dru Oakenford,r72CyBnO6,doakenfordb7@techcrunch.com,0,+86 285 817 2350
1405,Reena Cunde,NpMwxYb,rcundeb8@deviantart.com,0,+30 619 222 9057
1406,Mikel Trevna,njA1KYi6fxQ,mtrevnab9@flickr.com,0,+63 679 986 8336
1407,Gibby Lossman,iIxuIwubD,glossmanba@1und1.de,0,+63 459 412 3960
1408,Langsdon Brealey,R2rZum,lbrealeybb@usda.gov,0,+351 150 709 5637
1409,Manon Thunderchief,QijwgJ,mthunderchiefbc@nasa.gov,0,+86 787 742 5655
1410,Kessiah Farleigh,yjPwZikY72J,kfarleighbd@lycos.com,0,+63 938 508 9410
1411,Dallas Hamerton,gyHIkR354TLk,dhamertonbe@amazon.de,0,+86 648 214 2898
1412,Keene Saing,oZTu7Cm8Qi7,ksaingbf@xinhuanet.com,0,+381 151 414 8453
1413,Sherri Sparling,dxCfSp0OVHwY,ssparlingbg@google.fr,0,+62 812 642 0423
1414,Justina Olkowicz,VbHIh0wm0N,jolkowiczbh@blogger.com,0,+48 211 788 2346
1415,Michaela Hallor,ZARkzznMeJh,mhallorbi@mapy.cz,0,+63 353 511 9816
1416,Thaddeus Cuttin,lYebrJ,tcuttinbj@ox.ac.uk,0,+63 110 830 2581
1417,Maura Czajkowska,XVTWl44h9,mczajkowskabk@csmonitor.com,0,+850 826 284 5974
1418,Winston Gumley,qLXVcV,wgumleybl@scientificamerican.com,0,+593 672 682 2332
1419,Gabbie Gueste,6HDI4g,gguestebm@boston.com,0,+86 120 496 6958
1420,Daisy Martellini,OpqGOeZ,dmartellinibn@nytimes.com,0,+46 682 245 0053
1421,Arlana Dumbar,jgx0omylg,adumbarbo@scribd.com,0,+86 226 679 0349
1422,Jennica Defont,HnlchszWn2R,jdefontbp@ning.com,0,+86 516 594 0700
1423,Elsbeth Tongue,Ftdm9g4SXrW,etonguebq@usatoday.com,0,+86 262 381 7683
1424,Stesha Collcott,YlCILGWP3cRq,scollcottbr@pcworld.com,0,+265 602 507 8391
1425,Ginger Humber,1uCYAQU4,ghumberbs@dion.ne.jp,0,+1 202 308 5663
1426,Francesca Turnell,k2CZZUsaZCt,fturnellbt@yahoo.com,0,+353 284 355 7437
1427,Ethelyn Merriman,krymeao9bhm,emerrimanbu@tuttocitta.it,0,+33 758 849 5656
1428,Ced Mallatratt,5dBZBFPBUX,cmallatrattbv@sbwire.com,0,+7 634 435 1784
1429,Ester Blinder,yNFJwv9GSyTk,eblinderbw@mayoclinic.com,0,+57 773 538 9123
1430,Wilfrid Toffaloni,gapyRJvXbW1,wtoffalonibx@umn.edu,0,+502 789 277 5555
1431,Maison Luety,EIk8CHB8Pv1,mluetyby@sakura.ne.jp,0,+52 460 964 7474
1432,Sam Barnsley,I1EA2t1OQAb,sbarnsleybz@google.co.jp,0,+359 607 302 6805
1433,Jorge Hatley,1SqQQEN9x6PU,jhatleyc0@google.it,0,+66 952 696 8855
1434,Orsa Ethridge,qLwOkqZJ,oethridgec1@sun.com,0,+420 467 466 3116
1435,Cly Trotter,x3OiuvO,ctrotterc2@salon.com,0,+63 292 662 6243
1436,Sabrina McCurtain,f8o0UBZZ,smccurtainc3@hp.com,0,+992 501 918 6105
1437,Lammond Gooderridge,BJebWHbE,lgooderridgec4@gmpg.org,0,+63 444 743 0884
1438,Ignazio Lagde,htyJ47teVh,ilagdec5@shutterfly.com,0,+86 113 587 7339
1439,Trace Folli,T8yXa90VRc3N,tfollic6@dell.com,0,+502 896 552 5277
1440,Lacie Curphey,62lktOhsZMgE,lcurpheyc7@myspace.com,0,+46 581 296 7753
1441,Gage Huws,xoDXzVbWV1VH,ghuwsc8@canalblog.com,0,+48 392 996 3472
1442,Brandi Simyson,Qz8yp7pkx,bsimysonc9@blogs.com,0,+56 825 747 7658
1443,Levey Veelers,1WvUgC,lveelersca@discovery.com,0,+86 876 988 0822
1444,Clea Fontin,L7fYIAbwhC3,cfontincb@issuu.com,0,+55 193 593 5535
1445,Haven Jahn,cY2OMVIop3T7,hjahncc@amazon.com,0,+1 914 167 5545
1446,Bryon Livesley,7nexQywA,blivesleycd@paginegialle.it,0,+7 159 424 6696
1447,Sianna Sizzey,SDAYsj,ssizzeyce@phoca.cz,0,+242 952 945 4246
1448,Angeli Jodrellec,7xkJAYLc,ajodrelleccf@dmoz.org,0,+86 638 225 6602
1449,Morgan Truce,2gneNMS,mtrucecg@go.com,0,+98 816 966 3492
1450,Cosetta Robecon,Yo4ChF35ML,crobeconch@biblegateway.com,0,+237 221 879 3981
1451,Lucho Levay,aqTUh5ue,llevayci@smugmug.com,0,+7 769 212 2775
1452,Nicoline Spedroni,AXqNsThsxsLB,nspedronicj@naver.com,0,+63 268 939 1617
1453,Sherye Kreber,rrDsUs,skreberck@chron.com,0,+7 921 993 4162
1454,Kelsy Vanyarkin,by40Mtv0SJ,kvanyarkincl@flickr.com,0,+86 839 136 3684
1455,Ginelle Sommerled,CnRQNHLrh,gsommerledcm@sina.com.cn,0,+994 953 241 6164
1456,Traver Nowell,0y2BRW,tnowellcn@state.tx.us,0,+55 609 768 6764
1457,Pren Creigan,sV5lsOPieANB,pcreiganco@1und1.de,0,+995 284 514 6515
1458,Angus Mews,eBq96X,amewscp@msn.com,0,+355 408 915 4091
1459,Kylie Lindhe,CqLTe3lqBu,klindhecq@bloglines.com,0,+46 852 327 4892
1460,Rory Stickles,8Mrl1v,rsticklescr@tamu.edu,0,+48 770 525 6738
1461,Pascale Sweating,ogsIY5UKe,psweatingcs@bbb.org,0,+81 751 202 8697
1462,Mireielle Moles,u7X0xK,mmolesct@marketwatch.com,0,+1 564 998 9399
1463,Lewiss Raggitt,qgYVinBJrMZi,lraggittcu@usgs.gov,0,+502 410 294 0027
1464,Cahra Louys,4sjpl7csz,clouyscv@geocities.com,0,+62 616 893 6805
1465,Prentiss Meiklejohn,X02Fu36pTDO,pmeiklejohncw@technorati.com,0,+86 126 957 3313
1466,Corry Leving,T2dK7UDd,clevingcx@paginegialle.it,0,+56 742 413 6016
1467,Hewie Murfett,NvjRyYn0L,hmurfettcy@printfriendly.com,0,+48 181 240 7205
1468,Germain Woolatt,wxRsBXN1,gwoolattcz@opera.com,0,+86 321 212 8372
1469,Hilton Perassi,M57BWHh,hperassid0@sfgate.com,0,+57 556 756 3902
1470,Jeniffer Dawidowicz,KVERt5I,jdawidowiczd1@yolasite.com,0,+62 496 503 7865
1471,Solly Tunnock,tg1RVys,stunnockd2@hatena.ne.jp,0,+86 952 952 0727
1472,Anetta Zanolli,Zek7mhdDj6O,azanollid3@mac.com,0,+55 436 284 1866
1473,Ruthie Kermath,9eD1T0F,rkermathd4@phoca.cz,0,+56 871 416 0536
1474,Nettie Barbisch,FygY4G6l,nbarbischd5@so-net.ne.jp,0,+60 902 778 5298
1475,Neddy Ezzle,EDemaHnS,nezzled6@howstuffworks.com,0,+54 577 592 6664
1476,Clerc Alelsandrovich,Z8HluiDXEDcm,calelsandrovichd7@nifty.com,0,+976 270 329 3039
1477,Maure Filchagin,kB1eMsByO,mfilchagind8@yahoo.com,0,+46 435 745 6695
1478,Wilone Munday,UqLfyO,wmundayd9@cafepress.com,0,+504 538 192 6802
1479,Elva Exley,ktPyHQ9sqY6Y,eexleyda@e-recht24.de,0,+7 469 693 7372
1480,Aleece Upstell,QtKEn52Ne,aupstelldb@youtube.com,0,+7 766 685 2955
1481,Mickie Cullinane,Fp6IaXq0,mcullinanedc@people.com.cn,0,+351 508 911 8901
1482,Kendricks McNeice,1eS4UtPO,kmcneicedd@unicef.org,0,+48 487 978 1482
1483,Man Rembrant,iS6OVO,mrembrantde@skype.com,0,+27 125 474 6176
1484,Prince Kinmond,iRazfS3yk,pkinmonddf@ning.com,0,+506 609 251 5669
1485,Kat Patrie,a7fofW,kpatriedg@unc.edu,0,+52 470 556 2398
1486,Zachary Dable,RqbaCAu35,zdabledh@netlog.com,0,+86 986 349 8103
1487,Shanna Faragan,beYMeOGrt,sfaragandi@acquirethisname.com,0,+64 215 592 8459
1488,Evie Pitbladdo,J9S4SuJ6F,epitbladdodj@reddit.com,0,+62 872 623 4548
1489,Bette Bernucci,u6APnI60fSd,bbernuccidk@digg.com,0,+358 700 897 1673
1490,Francoise Chat,prCE7rW,fchatdl@mozilla.org,0,+355 434 592 3458
1491,Maureen Haddock,mQcrNzchqW,mhaddockdm@github.io,0,+236 766 115 1314
1492,Ranique D'Adda,4PfTCzTnzDLb,rdaddadn@wired.com,0,+86 565 661 5276
1493,Rab Bentham3,aApg37aSz6,rbenthamdo@baidu.com,0,+66 212 809 5660
1494,Neil Brennon,Cq6DNp,nbrennondp@webeden.co.uk,0,+62 217 632 5079
1495,Philippa Gerdts,Lhxs9WJKUcG,pgerdtsdq@geocities.jp,0,+20 278 212 4122
1496,Shepherd Shimoni,kuoFunxvPf,sshimonidr@slate.com,0,+86 651 169 8074
1497,Forster Buckthorp,ei2TDfO67gMz,fbuckthorpds@blogger.com,0,+54 274 371 8235
1498,Cherlyn O'Murtagh,jnUpoSJRJ,comurtaghdt@360.cn,0,+62 605 856 1361
1499,Pembroke Housen,BJzrLtF,phousendu@mail.ru,0,+27 924 932 3776
1500,Sidonnie Jacquemot,AjVtqq5h,sjacquemotdv@biglobe.ne.jp,0,+63 216 679 1242
1501,Becky Durrans,Pu9wqQbn,bdurransdw@feedburner.com,0,+1 712 446 0401
1502,Teodoor Varnes,lXyLxeUamyC,tvarnesdx@economist.com,0,+380 649 446 3612
1503,Marie Widd,UqWIcIjOzn,mwidddy@gnu.org,0,+7 990 949 1176
1504,Sunny Buterton,25nF74r,sbutertondz@shareasale.com,0,+55 596 383 2135
1505,Petronilla Fawthrop,2ihedKBgPiw,pfawthrope0@paypal.com,0,+52 981 486 9024
1506,Gabriel Pellamonuten,VWudyIeyYUh,gpellamonutene1@studiopress.com,0,+30 233 205 4837
1507,Novelia Letixier,8u7UiIaE,nletixiere2@digg.com,0,+86 621 518 0248
1508,Stephanie Manuello,7Xju88TOP,smanuelloe3@narod.ru,0,+420 484 467 3358
1509,Kyle Lannin,01M45Me,klannine4@amazon.de,0,+86 595 857 5518
1510,Lazare Oxborrow,WnFjD3pvX,loxborrowe5@mlb.com,0,+86 964 643 4898
1511,Brigitta McGrorty,3zUsfqtauVyA,bmcgrortye6@deviantart.com,0,+382 814 513 1942
1512,Giffer Cancelier,NTkoTAYDYQkS,gcanceliere7@ycombinator.com,0,+970 195 849 9608
1513,Morgen Izkovici,OTKwzw,mizkovicie8@skype.com,0,+46 833 130 0385
1514,Anson Orsay,66hKMhUrLbRt,aorsaye9@jigsy.com,0,+218 469 840 0931
1515,Jobi Lynds,jw48J5,jlyndsea@studiopress.com,0,+27 646 301 9153
1516,Gabrila Pietroni,uTqHQwV,gpietronieb@sitemeter.com,0,+7 104 417 6596
1517,Davon Urling,3PuhwHz,durlingec@taobao.com,0,+380 238 976 4637
1518,Rani Treske,mAWutq,rtreskeed@nba.com,0,+58 196 622 2049
1519,Matti Petrushka,ZFkjBwj,mpetrushkaee@shareasale.com,0,+244 128 722 4324
1520,Georgeta Kiezler,2vIlW1BUGm,gkiezleref@vinaora.com,0,+358 152 770 1788
1521,Maggie Karet,cb0bWGqlsn,mkareteg@mapy.cz,0,+55 565 166 7691
1522,Dom Donnersberg,vnD21jalwZD,ddonnersbergeh@opensource.org,0,+48 182 762 5061
1523,Kalle Larderot,6Ia8SZ35,klarderotei@paypal.com,0,+86 763 847 6427
1524,Fernandina Boston,OvdSXxFMXqLu,fbostonej@samsung.com,0,+62 210 379 8682
1525,Susanne Levene,iQ2QkvAnU,sleveneek@un.org,0,+998 724 594 7882
1526,Tory McCathy,2TMUFvLJ2A,tmccathyel@blogger.com,0,+62 282 914 0854
1527,Brand Brickstock,k0uiiFA,bbrickstockem@dailymail.co.uk,0,+220 341 635 2493
1528,Abagael Brilon,CsQhfDfqe,abrilonen@redcross.org,0,+351 425 729 3313
1529,Traver Spurier,lc07Lkq,tspuriereo@vk.com,0,+593 508 680 9460
1530,Agnella Alloisi,AsyuTr97lor,aalloisiep@sciencedirect.com,0,+62 836 553 4762
1531,Brianna Fredi,8fvpj5,bfredieq@yahoo.com,0,+502 460 994 3325
1532,Holden Sayton,YV1hiQZdBly,hsaytoner@thetimes.co.uk,0,+48 678 297 1434
1533,Bo Eamer,ggdRGTTv,beameres@oaic.gov.au,0,+81 844 681 3224
1534,Carlotta Blewis,HNEluLYx,cblewiset@dailymotion.com,0,+351 315 909 7223
1535,Kristien Scullard,yCwB4N0Dr,kscullardeu@illinois.edu,0,+63 652 521 3661
1536,Erny Morison,yfuqKHK,emorisonev@amazonaws.com,0,+62 276 910 6345
1537,Hayyim Willett,k9rwp6NLwf,hwillettew@time.com,0,+86 757 959 2454
1538,Billie Culham,gINyZ4EhN,bculhamex@liveinternet.ru,0,+55 455 928 9750
1539,Drucie Feltham,m2kifmpYCWr8,dfelthamey@cocolog-nifty.com,0,+1 701 875 5532
1540,Dorella Lackie,x02fCiFZUb,dlackieez@nbcnews.com,0,+86 799 230 5378
1541,Norrie Thurlby,4c4pjYmC,nthurlbyf0@china.com.cn,0,+46 251 298 5991
1542,Livvy Laffan,9kUaQaTp,llaffanf1@bbc.co.uk,0,+48 433 601 7339
1543,Erinna Gobert,CFw3C0tCD,egobertf2@msn.com,0,+380 326 450 0082
1544,Hamil Brash,WyxCh43rAelt,hbrashf3@boston.com,0,+7 106 866 9546
1545,Towney Driffill,DWFPG0,tdriffillf4@bigcartel.com,0,+355 216 722 7846
1546,Benny Kippin,sYkrCuq9w,bkippinf5@addtoany.com,0,+86 399 352 4045
1547,Dolly Rash,BprQEziP1QZ,drashf6@census.gov,0,+66 725 724 0508
1548,Christiano Rudge,BppXqL7jibT,crudgef7@columbia.edu,0,+251 811 316 4151
1549,Ianthe Brotherheed,pFjQNW,ibrotherheedf8@sakura.ne.jp,0,+86 837 456 5194
1550,Bale Logg,1yDfPk,bloggf9@cbsnews.com,0,+7 108 540 6996
1551,Gwenora Avrahamian,1ulfwQeLLrp,gavrahamianfa@networksolutions.com,0,+63 430 369 3105
1552,Patin Moland,eK1MPPr,pmolandfb@icq.com,0,+92 986 391 9919
1553,Myrtice Braunton,8vcD1z6,mbrauntonfc@webs.com,0,+55 813 725 7733
1554,Irwinn Spavins,GVRM5zEi,ispavinsfd@cloudflare.com,0,+86 501 370 4047
1555,Adella Ferraraccio,yICMzvPO52M,aferraracciofe@craigslist.org,0,+63 474 431 4232
1556,Jonah Muttitt,Ojk67v,jmuttittff@illinois.edu,0,+41 508 641 7565
1557,Pollyanna Monini,aEbFiRJnslZ,pmoninifg@msu.edu,0,+351 981 989 7990
1558,Chickie Valentelli,HyaPUjv,cvalentellifh@bluehost.com,0,+33 797 738 2473
1559,Annnora Coggins,CtaB2V,acogginsfi@narod.ru,0,+86 653 568 1619
1560,Mercedes Rablen,XGgAu3,mrablenfj@quantcast.com,0,+63 648 132 5623
1561,Alida Stancliffe,YYjcrZ,astancliffefk@infoseek.co.jp,0,+351 371 661 4554
1562,Gannie Elwyn,PGl9UEaRH,gelwynfl@ebay.com,0,+86 402 829 6944
1563,Hetti Dartnall,TimtciNO0,hdartnallfm@webs.com,0,+86 420 437 2904
1564,Scotti Rens,Hog7K4bRL1,srensfn@amazon.com,0,+55 996 927 9555
1565,Valina Swafield,tpRuIWRqMVhf,vswafieldfo@ycombinator.com,0,+86 663 331 0698
1566,Tracee Brackstone,3eISChzDcZ,tbrackstonefp@bandcamp.com,0,+48 548 324 2338
1567,Chelsea Finnis,Qkm21p8W,cfinnisfq@paypal.com,0,+82 819 553 3384
1568,Marlie Hilldrup,yu0QxK4fOz,mhilldrupfr@jiathis.com,0,+351 953 827 0095
1569,Lib Mounce,ifVJdo0G,lmouncefs@infoseek.co.jp,0,+82 471 588 7001
1570,Dalila Sherington,Xv1uO9LGPTr,dsheringtonft@usatoday.com,0,+98 154 469 3754
1571,Ambrosius MacIlurick,RgSB0BvpJ,amacilurickfu@discovery.com,0,+351 808 256 0218
1572,Letty Kingswood,Lwawpv3u31,lkingswoodfv@illinois.edu,0,+7 797 630 2251
1573,Ericha Pittendreigh,Uher2Ygze,epittendreighfw@china.com.cn,0,+63 779 825 0412
1574,Nata Leggin,43zDAu,nlegginfx@istockphoto.com,0,+63 239 444 2220
1575,Bucky Maryin,BLVzvI,bmaryinfy@last.fm,0,+31 456 336 2744
1576,Anna-diane Cawsy,1U0gVPpq,acawsyfz@unblog.fr,0,+62 633 889 4048
1577,Terry Minnette,stl6tcbkd6K3,tminnetteg0@rediff.com,0,+86 272 789 7196
1578,Claude Clampe,JqxeOyT2QG90,cclampeg1@xrea.com,0,+62 639 649 2770
1579,Nick Swalough,EWpv2gVXgKX,nswaloughg2@paypal.com,0,+255 603 463 4572
1580,Bellanca Dallyn,2eliJ3,bdallyng3@php.net,0,+86 940 864 2062
1581,Clementina Frankiss,ChiAg2gf,cfrankissg4@shop-pro.jp,0,+86 606 913 9020
1582,Karia Mokes,GFOpu3Xz5r,kmokesg5@bbc.co.uk,0,+963 663 384 9334
1583,Susanna Lakenton,6JIA8BComXLw,slakentong6@jimdo.com,0,+86 698 620 6849
1584,Abbi Mushet,7MggkCDIWEem,amushetg7@amazon.de,0,+62 917 496 5870
1585,Tandy Richarz,266xjf08nKav,tricharzg8@altervista.org,0,+503 617 632 4512
1586,Damita Bandt,izv75oiQ,dbandtg9@quantcast.com,0,+380 438 951 9984
1587,Rory Janousek,Sfs9vwK,rjanousekga@seattletimes.com,0,+7 678 948 2998
1588,Wynnie Austwick,M3tPbbDk,waustwickgb@goo.gl,0,+63 355 608 4437
1589,Dara Stallion,0UOYyOVwK1,dstalliongc@domainmarket.com,0,+86 342 662 6022
1590,Adolphe Seden,VGMCVGdoE,asedengd@com.com,0,+962 757 162 0984
1591,Goddard Mosen,X7EyJ5dKTbU,gmosenge@alexa.com,0,+55 875 367 3021
1592,Marti Dundendale,CcU2gGwm57e,mdundendalegf@ucoz.ru,0,+86 731 714 1722
1593,Korey Vazquez,c1f9M2Pm,kvazquezgg@wikipedia.org,0,+62 331 443 7203
1594,Clemence Palatini,F6IrfoldlL,cpalatinigh@telegraph.co.uk,0,+86 122 542 6930
1595,Lenore Allridge,v6cFaTdS97SZ,lallridgegi@hud.gov,0,+62 228 785 0521
1596,Wendell Dulling,Ccw2zM,wdullinggj@ocn.ne.jp,0,+98 210 714 9630
1597,Siward Jaqueme,V5C8rKDacy,sjaquemegk@tuttocitta.it,0,+20 684 154 1756
1598,Meghan Cantor,JafJhJcnlq2,mcantorgl@sina.com.cn,0,+964 422 860 3666
1599,Janette Debnam,Xa27sUaVPn,jdebnamgm@fotki.com,0,+86 451 306 6172
1600,Marybelle Backes,Dsd9e7,mbackesgn@linkedin.com,0,+46 653 730 7381
1601,Jeanie Adamoli,bpWOaKs,jadamoligo@zimbio.com,0,+48 263 509 7768
1602,Edie Lowy,MCik3NLel3Dr,elowygp@tripadvisor.com,0,+57 904 835 7631
1603,Rachael Seyffert,qE7Hdcz7p2h,rseyffertgq@hexun.com,0,+34 853 634 6896
1604,Mickie Vowell,LEq5JG,mvowellgr@themeforest.net,0,+420 519 164 3794
1605,Leela Ysson,q7R4CNPawBT,lyssongs@123-reg.co.uk,0,+353 880 381 0997
1606,Maryjane Kimmitt,SSOaJit,mkimmittgt@elpais.com,0,+62 549 201 7635
1607,Freeman Sapwell,81dm06,fsapwellgu@guardian.co.uk,0,+63 941 377 1061
1608,Manon Astridge,kmhAcSmT7,mastridgegv@hexun.com,0,+98 852 944 7275
1609,Ilene Dawnay,yDhXnH,idawnaygw@gov.uk,0,+86 683 180 4994
1610,Jerad Martinot,zeJKQHtB,jmartinotgx@artisteer.com,0,+267 458 774 6847
1611,Donia O'Kelly,T4Kv3FLwi,dokellygy@businessweek.com,0,+54 102 467 2970
1612,Walliw Edson,08hV26IQSf,wedsongz@oakley.com,0,+63 205 677 5214
1613,Ruby Potts,aFbakAC5eeiN,rpottsh0@samsung.com,0,+385 217 587 3390
1614,Letty Luckie,sEp8ZF,lluckieh1@globo.com,0,+967 799 851 0085
1615,Reginauld Foxall,XTDirBPJyY,rfoxallh2@google.com.au,0,+86 517 659 2470
1616,Lutero Haselwood,yDeATlZ,lhaselwoodh3@free.fr,0,+7 507 928 7299
1617,Ursala Ruggier,R6N0pTcP,uruggierh4@youtu.be,0,+33 323 599 3041
1618,Rafferty Vasile,KCNwkfU,rvasileh5@wsj.com,0,+371 149 262 8120
1619,Phil Fussell,59b1qs,pfussellh6@abc.net.au,0,+86 394 677 0923
1620,Jamaal Moylan,hh5gmJ,jmoylanh7@hp.com,0,+46 329 570 2344
1621,Olia Bailess,fOed7dFHh,obailessh8@wikimedia.org,0,+62 678 154 4391
1622,Kimbell Errett,rnDDHzuI,kerretth9@hexun.com,0,+504 232 104 8747
1623,Cal Silson,RqALQY,csilsonha@weebly.com,0,+46 783 158 6567
1624,Winthrop Benduhn,SJGB3Zr,wbenduhnhb@domainmarket.com,0,+86 985 280 4714
1625,Katina Birkmyre,uGu50vf,kbirkmyrehc@noaa.gov,0,+51 208 711 1882
1626,Baily Peggs,3gWD4m,bpeggshd@timesonline.co.uk,0,+251 339 274 1078
1627,Helenka Willoughby,8po8x00sfi,hwilloughbyhe@cdbaby.com,0,+81 184 953 2049
1628,Charles Langeley,bxlrjvg,clangeleyhf@msu.edu,0,+505 124 588 5218
1629,Avie Votier,Lxu6aCm4,avotierhg@illinois.edu,0,+221 353 742 4050
1630,Silvio Gates,31wt8KQM,sgateshh@simplemachines.org,0,+381 567 719 9265
1631,Clayborne Rapsey,40jh2gm,crapseyhi@live.com,0,+7 283 124 5357
1632,Alberto Aizikowitz,mgTVe8P7nAU,aaizikowitzhj@spotify.com,0,+62 234 118 5706
1633,Moira Tootal,EAi7wA7eTSGs,mtootalhk@google.ca,0,+48 198 853 2947
1634,Mame Samart,scNsioA,msamarthl@yolasite.com,0,+63 661 259 5935
1635,Dorthy Jakubowski,WoDNgfINm1,djakubowskihm@naver.com,0,+52 807 405 8093
1636,Marchall Lockner,4knuWlUD,mlocknerhn@is.gd,0,+63 883 109 9440
1637,Humberto Dumbrill,FF8V9Mqd,hdumbrillho@loc.gov,0,+86 968 715 0249
1638,Emili Shard,1MyWmMz,eshardhp@nydailynews.com,0,+263 459 845 6848
1639,Rachel Konert,FWBKhv,rkonerthq@posterous.com,0,+60 919 834 5978
1640,Annadiana Terren,tDjOqU2p,aterrenhr@elpais.com,0,+63 676 107 2823
1641,Mattie Tresler,5IMff5i,mtreslerhs@pbs.org,0,+55 133 517 8835
1642,Karyl Le Noire,QNXkRbYv,kleht@yolasite.com,0,+86 822 225 7341
1643,Jade Dupoy,HchudM,jdupoyhu@usda.gov,0,+57 647 234 9325
1644,Cash Wholesworth,UTEchrcjFcQ,cwholesworthhv@gizmodo.com,0,+92 759 318 0691
1645,Shana Heningam,IqEdF6r,sheningamhw@tumblr.com,0,+351 743 230 5589
1646,Kinnie Fairney,oz8fdq,kfairneyhx@netlog.com,0,+86 794 916 4899
1647,Mitzi Pople,iqVSeb,mpoplehy@bbb.org,0,+86 657 580 2034
1648,Deni Mayward,mp8fcH8W5l,dmaywardhz@harvard.edu,0,+52 770 152 0364
1649,Cassandre Briatt,VK8CpSgWlmDL,cbriatti0@naver.com,0,+66 378 487 6941
1650,Rodd Corneil,qN0794Yplr,rcorneili1@army.mil,0,+375 687 290 7125
1651,Hale Nagle,WFLP1tU0,hnaglei2@geocities.com,0,+7 327 667 6795
1652,Nicolea Andrin,mjAWRAbs11v,nandrini3@dell.com,0,+1 206 820 7846
1653,Ellie Cox,EUP8cI2Oy,ecoxi4@google.es,0,+358 430 981 0050
1654,Zebulon Nevinson,SGSH8q0,znevinsoni5@economist.com,0,+374 422 491 5333
1655,Shara Tellenbrok,ox6FGJDWB,stellenbroki6@wix.com,0,+53 658 643 0663
1656,Jobie Cumbes,U3mZ2v,jcumbesi7@fotki.com,0,+84 593 892 9166
1657,Nanci Fitzsimmons,GZfeAt,nfitzsimmonsi8@oracle.com,0,+48 965 478 0071
1658,Pauletta Fake,hgXpQQTKw,pfakei9@domainmarket.com,0,+359 572 552 6504
1659,Adriano Jowling,QXMs2EHvM5,ajowlingia@indiegogo.com,0,+86 547 233 0851
1660,Quintina Grevel,012IiAs,qgrevelib@mozilla.org,0,+86 205 116 9351
1661,Antin Treadgear,ZVlySQ,atreadgearic@privacy.gov.au,0,+48 613 741 6126
1662,Hi Bartlomieczak,iH4yZHgV,hbartlomieczakid@youku.com,0,+86 966 775 3503
1663,Doy Fance,aaxmq7A,dfanceie@com.com,0,+256 163 793 2253
1664,Austen Edensor,leBuP0oud,aedensorif@weibo.com,0,+420 270 676 0691
1665,Broderic Stidson,g6Vnfl7a9Q6y,bstidsonig@booking.com,0,+351 594 401 1325
1666,Mervin Potapczuk,3zIvqfjm8,mpotapczukih@vimeo.com,0,+62 505 491 3964
1667,Karlis Swiffan,6cBq96,kswiffanii@howstuffworks.com,0,+62 516 612 0882
1668,Thoma Baitman,7Ngjoi,tbaitmanij@scribd.com,0,+506 468 221 3880
1669,Charil Gerkens,5YXbboLEkQ,cgerkensik@constantcontact.com,0,+81 564 259 8997
1670,Lance Hansbury,I4BEFP,lhansburyil@cbslocal.com,0,+84 712 748 0412
1671,Moore Chaikovski,cXtulP,mchaikovskiim@qq.com,0,+234 351 403 2530
1672,Nydia MacCarroll,vUM6EK8i8Fbp,nmaccarrollin@squidoo.com,0,+254 520 764 3141
1673,Jacquenetta Westover,KjEmNi,jwestoverio@ed.gov,0,+234 977 853 1983
1674,Paxon Bruckental,sKDaT9otvls,pbruckentalip@technorati.com,0,+55 201 747 0812
1675,Tansy Leipoldt,jucHkGydkk,tleipoldtiq@pen.io,0,+57 949 214 1504
1676,Lesya McDuff,d259f9jW,lmcduffir@house.gov,0,+86 125 563 0415
1677,Uriel Haughian,e3CINAKkr8OG,uhaughianis@joomla.org,0,+86 417 525 8385
1678,Faustina Toupe,Ajw1inNwv,ftoupeit@histats.com,0,+53 579 899 8501
1679,Fifi Carstairs,FbPdQ2I6k,fcarstairsiu@symantec.com,0,+225 143 766 3838
1680,Nye Jotcham,C4HnwrT,njotchamiv@economist.com,0,+86 612 627 3820
1681,Hernando Weavers,ya8HBVSAqS,hweaversiw@toplist.cz,0,+353 288 717 8911
1682,Dannel Ben,UNT2DxkM,dbenix@eventbrite.com,0,+48 836 623 1410
1683,Terrill Younghusband,GODxZKXdpvB,tyounghusbandiy@shutterfly.com,0,+93 217 511 4574
1684,Darius Ramsbotham,DmjQPc5,dramsbothamiz@skype.com,0,+967 609 694 1152
1685,Artie McCallum,sAAeHHrzIXY,amccallumj0@answers.com,0,+48 256 213 2548
1686,Read Kemp,2Kn7dN,rkempj1@va.gov,0,+93 331 293 3703
1687,Renaldo Penney,wZteEMjTj,rpenneyj2@nhs.uk,0,+380 703 922 9922
1688,Ronny Richardeau,QtNk78VdGHGT,rrichardeauj3@constantcontact.com,0,+33 672 555 9651
1689,Celie Mollene,m5sYa11,cmollenej4@google.ru,0,+86 901 807 8394
1690,Wakefield Rittmeier,wguBvwk,writtmeierj5@apache.org,0,+691 258 875 2607
1691,Dottie Hirjak,9ExihVb9mk,dhirjakj6@wordpress.com,0,+46 940 102 1292
1692,Donnamarie Boutell,JRjnkQLWIKot,dboutellj7@jalbum.net,0,+30 859 790 3252
1693,Maritsa Fulkes,RCedfFL,mfulkesj8@sourceforge.net,0,+7 792 923 9097
1694,Alphonse Petrenko,P7F32zs,apetrenkoj9@bbb.org,0,+86 762 354 1372
1695,Dora Soall,p9MxezqH5g,dsoallja@ameblo.jp,0,+62 663 960 8140
1696,Ellswerth Buxcy,rPNBalqs,ebuxcyjb@google.cn,0,+86 996 304 6905
1697,Virginie Birts,jH0l9B,vbirtsjc@privacy.gov.au,0,+27 643 533 3802
1698,Hunt Mitkin,b8SwkzPcVItK,hmitkinjd@xing.com,0,+46 338 632 5353
1699,Belicia Canner,ZIzNR4,bcannerje@bloglovin.com,0,+351 896 519 8382
1700,Amalea Pacher,JIHqGfdS1,apacherjf@twitter.com,0,+1 469 588 7852
1701,Kizzie Hullett,64R8kbmbKgBW,khullettjg@mashable.com,0,+81 109 482 4141
1702,Amberly Gaskamp,oGzcigZnEx,agaskampjh@yahoo.com,0,+373 793 437 6674
1703,Elisabeth Cozby,COA1a1UN,ecozbyji@wisc.edu,0,+62 828 952 2257
1704,Mort Benfell,sw8H4t7s53qK,mbenfelljj@nature.com,0,+33 256 945 3212
1705,Humberto Georgi,ixlX2kamt,hgeorgijk@senate.gov,0,+33 632 111 1459
1706,Lem Nettleship,qUSb2j7xt,lnettleshipjl@alexa.com,0,+48 394 380 5530
1707,Christy Tremoille,UfNIp77T6Y,ctremoillejm@foxnews.com,0,+46 572 875 1258
1708,Elga Miranda,LX9C8mYf9cKg,emirandajn@pen.io,0,+7 212 471 5459
1709,Kata Pattesall,LRQgaSNGXB,kpattesalljo@tmall.com,0,+86 329 339 3535
1710,Therine Blaxland,jtf5ZZGiqsv,tblaxlandjp@behance.net,0,+86 768 967 5173
1711,Alyce Reany,LnaalOv,areanyjq@hao123.com,0,+30 876 102 2348
1712,Theresa Maultby,1drz5xA4g,tmaultbyjr@huffingtonpost.com,0,+27 437 658 5163
1713,Jereme Vedeneev,4KPbeL4S1ax,jvedeneevjs@theatlantic.com,0,+46 355 756 5067
1714,Magdalen LLelweln,4TH2vVKH0,mllelwelnjt@weather.com,0,+1 806 547 8294
1715,Devon Hritzko,Zczj4D2M,dhritzkoju@whitehouse.gov,0,+225 162 365 2216
1716,Codie Galbreth,RHIR8dG,cgalbrethjv@goo.ne.jp,0,+963 759 476 2757
1717,Rustin Totman,JShq4vdHWZ,rtotmanjw@a8.net,0,+351 327 628 0748
1718,Alejandrina Sheach,EuiTFt1JZOHl,asheachjx@harvard.edu,0,+86 494 844 1927
1719,Rice Monkhouse,bj89sO4FEiv,rmonkhousejy@networkadvertising.org,0,+51 391 674 9227
1720,Bonny Hand,zO7Ti8CA,bhandjz@aboutads.info,0,+86 771 625 1580
1721,Ed Lebreton,rkQdKg7yZ,elebretonk0@aboutads.info,0,+220 108 659 3961
1722,Charmaine Hatchard,qHgOfV1,chatchardk1@topsy.com,0,+86 758 862 6478
1723,Dorella Naisey,1AGMW3o1KuG,dnaiseyk2@java.com,0,+55 277 306 3303
1724,Audra Solloway,9gF5qt7M,asollowayk3@rambler.ru,0,+86 866 195 7513
1725,Laurie Thorouggood,l46CiMN,lthorouggoodk4@huffingtonpost.com,0,+51 775 100 1541
1726,Vassily Wickardt,bP4VBvtwFOS,vwickardtk5@studiopress.com,0,+33 363 726 2756
1727,Yvon Woodruffe,GBBFyfBjXfcW,ywoodruffek6@vkontakte.ru,0,+373 469 350 0927
1728,Alain O'Cannavan,gC1LnQ,aocannavank7@etsy.com,0,+221 669 837 1254
1729,Gannie Augustin,MojGHN,gaugustink8@miibeian.gov.cn,0,+33 795 605 5304
1730,Rollo Hiland,39dDEMAxObLz,rhilandk9@usnews.com,0,+230 621 413 4942
1731,Mufi Deinhardt,SJxz2Lwnao,mdeinhardtka@about.com,0,+7 799 380 9978
1732,Jammie Di Domenico,4j2i3wn0g736,jdikb@dedecms.com,0,+502 630 912 3427
1733,Arlina Baudasso,53iY0atjje,abaudassokc@wisc.edu,0,+351 740 476 9694
1734,Blanch Elven,xCrrYgZKGSUV,belvenkd@blogs.com,0,+963 579 248 5982
1735,Hughie Janoch,ZsVVygO5v,hjanochke@yelp.com,0,+46 669 280 9504
1736,Valerie Cousens,UTr3KQWbgCM,vcousenskf@amazon.de,0,+86 707 917 3077
1737,Renard Cruikshank,kjdPQuIHkzP,rcruikshankkg@usda.gov,0,+46 647 708 6416
1738,Giavani Halms,GvKIKS,ghalmskh@domainmarket.com,0,+62 888 790 2622
1739,Winston Gadson,hhjC9sC,wgadsonki@weibo.com,0,+1 562 770 3970
1740,Whitney Benes,2aQ34V15Cv5,wbeneskj@hhs.gov,0,+7 216 904 2806
1741,Grete Cromarty,crcMCI6o6SsM,gcromartykk@lycos.com,0,+62 750 186 9064
1742,Chlo Zimmer,rFC6uf27,czimmerkl@qq.com,0,+86 358 487 6360
1743,Isidore Vamplus,axLScCnLn,ivampluskm@google.com.hk,0,+34 449 609 4242
1744,Ashton Deverock,iavcN6JIW,adeverockkn@lulu.com,0,+7 463 565 6652
1745,Debra Willingale,KaH9a4MZIlN,dwillingaleko@nymag.com,0,+55 507 279 4405
1746,Burt Garz,nMS67QRmZ,bgarzkp@vimeo.com,0,+27 278 346 2880
1747,Thurstan Filipputti,uAtKDDf,tfilipputtikq@salon.com,0,+51 567 320 3310
1748,Tobe MacGillivray,4BYXbVtHzK,tmacgillivraykr@ning.com,0,+51 792 677 6893
1749,Robbert Pearman,a4JoEGPu,rpearmanks@mozilla.org,0,+358 662 679 2367
1750,Carleton Paaso,VpOZhBFcY4,cpaasokt@weibo.com,0,+62 898 512 4203
1751,Benedetto Baudy,oywyyHi,bbaudyku@vistaprint.com,0,+86 766 909 5438
1752,Lesley Billo,YJTj7oVEFV,lbillokv@mlb.com,0,+7 367 634 7831
1753,Dov Nadin,HmumaGnz,dnadinkw@mit.edu,0,+48 786 894 3591
1754,Doug Ivankov,SNfFXIVLHT,divankovkx@netscape.com,0,+964 771 596 6708
1755,Piper De La Salle,UxCfQkCd58,pdeky@youtube.com,0,+36 129 387 8974
1756,Berty Ossenna,IvGfeZRN1A,bossennakz@economist.com,0,+850 595 589 2913
1757,Sean Plante,2wvfypBzqs,splantel0@mtv.com,0,+55 747 342 7149
1758,Melicent Thurstan,YCVZvT0,mthurstanl1@a8.net,0,+380 637 933 2607
1759,Lorelle Durram,glMwKg7,ldurraml2@tiny.cc,0,+242 764 540 8046
1760,Charmine Hebblewaite,WNIOcLbO,chebblewaitel3@youku.com,0,+33 336 332 9900
1761,Sheelah Carvil,zWx161,scarvill4@icq.com,0,+81 494 936 4958
1762,Frederic Bowfin,IAKrLLZQd,fbowfinl5@linkedin.com,0,+86 571 223 6148
1763,Arlyn Nequest,boNUgkHQSvqk,anequestl6@is.gd,0,+48 182 922 5262
1764,Errol Telega,wY30V932,etelegal7@un.org,0,+1 221 102 0577
1765,Therese McCreery,KNqslfHD,tmccreeryl8@fastcompany.com,0,+81 465 808 8062
1766,Hubie Vigrass,fu0cm4lkjGUg,hvigrassl9@github.com,0,+86 991 403 1500
1767,Janie Paridge,PSxBxr,jparidgela@oakley.com,0,+375 804 873 2020
1768,Ruprecht Port,JQORqHfKF,rportlb@4shared.com,0,+63 475 794 3094
1769,Gib Clara,iMIaPCvpQD,gclaralc@rambler.ru,0,+86 162 633 6001
1770,Ab Back,mGRUbHtUgvv0,abackld@redcross.org,0,+221 644 800 6014
1771,Cristy Robion,PBOgPbLp,crobionle@deliciousdays.com,0,+420 813 554 3876
1772,Taylor Peagram,O7BHZQ,tpeagramlf@pbs.org,0,+86 561 748 1273
1773,Nathanil Brewitt,EHWxGZG,nbrewittlg@cisco.com,0,+62 195 302 8096
1774,Blayne Chalkly,13LFcuqueHd,bchalklylh@shareasale.com,0,+226 947 699 6472
1775,Keene Bisco,NxRY0qyfilRF,kbiscoli@jimdo.com,0,+20 721 725 8123
1776,Monah Creaven,GFP61pj,mcreavenlj@163.com,0,+86 836 774 1857
1777,Adan Comley,EtVZRd,acomleylk@cbsnews.com,0,+33 339 445 9361
1778,Field Baurerich,jrp3cjn98geD,fbaurerichll@nps.gov,0,+7 634 216 1188
1779,Belicia Gilstin,FGWHVknJ,bgilstinlm@privacy.gov.au,0,+62 301 801 2899
1780,Amelita Gothup,9LUszj7xKP4,agothupln@people.com.cn,0,+62 363 876 4788
1781,Neila Ochterlony,CedYEzHlQN,nochterlonylo@topsy.com,0,+7 642 280 0382
1782,Estevan Fitzhenry,otJ1eI90mr8,efitzhenrylp@clickbank.net,0,+231 308 528 9753
1783,Lana Tomaino,GX9lhCtK,ltomainolq@ed.gov,0,+420 945 253 8308
1784,Jaquelyn Bignal,3x14LdU8Hx,jbignallr@nytimes.com,0,+62 608 763 3028
1785,Malinde Trill,lTjhHsSAC5,mtrillls@paypal.com,0,+62 510 421 7605
1786,Tadd Gilbertson,HmgJqLOMF,tgilbertsonlt@youku.com,0,+55 694 534 8404
1787,Edmon Dalgliesh,xNzUF2F,edalglieshlu@boston.com,0,+57 628 931 8671
1788,Patricia Lewington,4mHJ9B,plewingtonlv@noaa.gov,0,+86 765 434 6443
1789,Renae Privett,S6xdeuc,rprivettlw@indiegogo.com,0,+1 909 456 8955
1790,Shaun Veld,U478Fhr,sveldlx@booking.com,0,+251 454 233 6506
1791,Elmore Legrave,HcIGulIPzU5,elegravely@mapy.cz,0,+86 736 677 0066
1792,Gerard Whysall,S8Xk3pes,gwhysalllz@wikipedia.org,0,+56 755 621 1306
1793,Cindelyn Blackadder,nJWZwJyf,cblackadderm0@dailymail.co.uk,0,+7 829 943 6723
1794,Martica Feander,zIlKDvF,mfeanderm1@sina.com.cn,0,+86 896 416 6761
1795,Winona Lavender,MBLMKw,wlavenderm2@godaddy.com,0,+57 174 174 4136
1796,Marchall Spelman,Om1gXW,mspelmanm3@jugem.jp,0,+86 471 718 9334
1797,Katheryn Mathivon,5cDoTNWB,kmathivonm4@guardian.co.uk,0,+994 597 596 9837
1798,Yvor Gerkens,FZMjlz,ygerkensm5@xrea.com,0,+264 174 551 2080
1799,Brody Frostdyke,6P4PLMSUxLT,bfrostdykem6@cdc.gov,0,+48 203 128 4745
1800,Cairistiona Pellew,EjsjBHqqzJ,cpellewm7@simplemachines.org,0,+7 646 920 3000
1801,Noland Woodson,TVQNOWOHU,nwoodsonm8@hhs.gov,0,+86 696 458 5607
1802,Moria Ciccarello,9g0Wb860s,mciccarellom9@usgs.gov,0,+81 791 347 2664
1803,Marlow Hazard,sNV7Ab,mhazardma@macromedia.com,0,+86 814 683 1044
1804,Serene Caffery,BSGdIWMFOVki,scafferymb@reverbnation.com,0,+46 802 972 8256
1805,Keelby Boscher,90qkLyVm83o,kboschermc@vk.com,0,+86 226 830 7215
1806,Valentino Indruch,LPXqJgxwQZjU,vindruchmd@cmu.edu,0,+86 205 984 2392
1807,Heath Lowdham,sIf0vre7eb,hlowdhamme@nydailynews.com,0,+33 695 384 4871
1808,Phil Cossar,GCDXHKTdTyH,pcossarmf@hao123.com,0,+998 248 181 7324
1809,Della Kellett,luLrCoTcaQ,dkellettmg@canalblog.com,0,+593 624 848 0588
1810,Alane Blackford,1j3CSC63QoT6,ablackfordmh@amazonaws.com,0,+62 955 701 4494
1811,Janka Dymond,uivHhdhFhZ,jdymondmi@163.com,0,+66 863 643 9495
1812,Gae Vaan,MvXExRN,gvaanmj@pagesperso-orange.fr,0,+1 414 908 1983
1813,Mischa Vittle,rPBO9VeS,mvittlemk@usatoday.com,0,+251 865 769 6029
1814,Justina Borit,RSTRI4Q9,jboritml@phoca.cz,0,+62 875 504 0333
1815,Dinny Jennery,Aq0V4dxpD6mp,djennerymm@wiley.com,0,+47 222 566 7469
1816,Loren Matusson,D6BzzP4r8tQm,lmatussonmn@chron.com,0,+66 248 146 6483
1817,Merna Wimlet,rPNDNuMy,mwimletmo@cpanel.net,0,+351 721 399 2552
1818,Felicia Soar,SspWC748O,fsoarmp@baidu.com,0,+33 614 225 8081
1819,Kinna Hackleton,Yl4JFXQRl,khackletonmq@baidu.com,0,+7 793 424 0935
1820,Stacee Camolli,hSVGISew,scamollimr@cam.ac.uk,0,+63 271 142 8113
1821,Leila Clapison,U7Ki2uJ,lclapisonms@blog.com,0,+62 682 425 2398
1822,Lebbie Leather,okZWHPYA,lleathermt@purevolume.com,0,+86 781 981 1754
1823,Sapphira Desseine,RorIQ9,sdesseinemu@usgs.gov,0,+423 211 940 8304
1824,Raine Jimmison,4GuU3ehY09,rjimmisonmv@pinterest.com,0,+31 526 954 0003
1825,Graeme O'Gorman,UWtPzL,gogormanmw@ow.ly,0,+63 381 502 1895
1826,Madlin Espinazo,WQJS6ZC9,mespinazomx@indiatimes.com,0,+44 194 804 0125
1827,Merry Kulver,AZNAxwLGU7yB,mkulvermy@so-net.ne.jp,0,+63 729 459 5087
1828,Irv Meeron,zHrIyV,imeeronmz@gnu.org,0,+381 320 177 3367
1829,Gaby Yorke,x38Tuq98kABx,gyorken0@columbia.edu,0,+62 386 453 4790
1830,Romain Rhoades,WeISsKgFpjg3,rrhoadesn1@reuters.com,0,+371 148 829 1534
1831,Adriena Bluett,zm7nbMrxfL,abluettn2@friendfeed.com,0,+970 765 150 3063
1832,Jacquenetta Borg-Bartolo,2KovfoC9i6,jborgbartolon3@vimeo.com,0,+86 331 614 2876
1833,Corinne Oldis,lZv0QkPkTIv,coldisn4@altervista.org,0,+86 936 349 7381
1834,Niki Cassedy,UbF6K2,ncassedyn5@huffingtonpost.com,0,+48 795 829 5081
1835,Ryley Keelinge,gPloM0hVwed8,rkeelingen6@ox.ac.uk,0,+33 335 661 1521
1836,Kendal Tixier,lp081o,ktixiern7@reference.com,0,+7 296 173 6878
1837,Brod Foucard,xsDSciSfaU,bfoucardn8@bravesites.com,0,+86 591 847 4134
1838,Rochella Artus,LVjBkil,rartusn9@omniture.com,0,+236 743 376 1109
1839,Tabby Gianotti,diJVLxwKUe,tgianottina@myspace.com,0,+95 886 421 8044
1840,Emmet Brumhead,V6JatK1R0UU,ebrumheadnb@symantec.com,0,+972 477 240 7688
1841,Frieda Norcutt,vvBstN86fLgo,fnorcuttnc@ihg.com,0,+1 570 682 9138
1842,Felice Tayspell,nnMS7wE,ftayspellnd@toplist.cz,0,+242 701 791 3055
1843,Emmalee Kadar,lnTOXj0sA,ekadarne@feedburner.com,0,+7 343 243 3005
1844,Frank Manus,16j09G342UE,fmanusnf@netlog.com,0,+351 531 462 7132
1845,Joane Crayker,B1NRNi9,jcraykerng@canalblog.com,0,+381 912 941 4009
1846,Hertha Aujean,07R5HVlRgyal,haujeannh@addtoany.com,0,+216 661 970 7629
1847,Dallon Rodear,SrdAlQTCVzKR,drodearni@example.com,0,+380 792 528 3583
1848,Gibbie Paxeford,n5OH3GZ,gpaxefordnj@dagondesign.com,0,+253 812 214 3550
1849,Michel Gowry,GYXu1bKSJt,mgowrynk@plala.or.jp,0,+86 375 657 5701
1850,Sybyl Lamball,MmIKRcdMbTiI,slamballnl@stanford.edu,0,+504 790 112 8457
1851,Murial Legrave,80iQDVN,mlegravenm@wordpress.com,0,+52 423 614 9770
1852,Willie Aird,LZ2Yrk,wairdnn@github.io,0,+55 314 249 5531
1853,Lucia Kiebes,v2cnu9QM7r,lkiebesno@over-blog.com,0,+55 729 405 3053
1854,Rolf Conkling,UZZEhuFV,rconklingnp@stanford.edu,0,+351 669 491 5154
1855,Nadean Stoven,OkCrPj2n1S2,nstovennq@geocities.jp,0,+232 817 801 0574
1856,Adiana Buttel,DJPSztbt,abuttelnr@squidoo.com,0,+86 901 705 6763
1857,Aleta Reavey,3aB0yL6gUZ,areaveyns@de.vu,0,+351 922 342 2777
1858,Nichols Rolling,mNvHy37L7,nrollingnt@reference.com,0,+48 101 795 7475
1859,Marie-jeanne Kaminski,KCXefI1b8eLK,mkaminskinu@vistaprint.com,0,+57 960 739 7519
1860,Jeffry Blincko,Ttl3CD,jblinckonv@senate.gov,0,+86 368 717 8320
1861,Selie Cranstoun,RBQfRqCL4,scranstounnw@so-net.ne.jp,0,+63 254 961 1614
1862,Layne Setch,VeYDm42vJp,lsetchnx@cyberchimps.com,0,+66 292 982 8195
1863,Raddie Gumey,4YE5ciE3Oj,rgumeyny@home.pl,0,+62 836 913 6103
1864,Kathy Jaggs,nLej5sbePL,kjaggsnz@salon.com,0,+62 222 904 4350
1865,Chadd Weald,LHLS5RNw7Rr,cwealdo0@state.tx.us,0,+351 573 778 9054
1866,Ertha Commuzzo,5vnPtN,ecommuzzoo1@wikimedia.org,0,+86 153 283 7393
1867,Gussy Mila,rtzjKP,gmilao2@blogtalkradio.com,0,+86 272 808 0576
1868,Dal Ales,HinB2rzoPs,daleso3@mtv.com,0,+380 315 165 7095
1869,Gunar Kemm,sCJHi8T9,gkemmo4@mashable.com,0,+63 921 558 6453
1870,Skylar Gallager,JBswpQ,sgallagero5@163.com,0,+381 675 933 7018
1871,Bobinette Mitchener,HR5y2lwvx,bmitchenero6@over-blog.com,0,+1 668 199 1843
1872,Pauli Eller,7FfnXtS0TMa,pellero7@t-online.de,0,+86 173 510 6050
1873,Tootsie Barfitt,tuQucNmE,tbarfitto8@ovh.net,0,+7 435 280 0504
1874,Candie Prinn,gJtvfkBvfn,cprinno9@netscape.com,0,+62 374 297 1665
1875,Vasilis Lear,gVduFM23,vlearoa@prlog.org,0,+51 708 680 0142
1876,Camellia Cadwallader,KQcbsBgk,ccadwalladerob@nifty.com,0,+66 877 836 7381
1877,Wilton O'Hara,EqmjH4m4,woharaoc@e-recht24.de,0,+220 735 640 2593
1878,Sandy Plume,KmCGXpIIZq7a,splumeod@cloudflare.com,0,+86 844 793 1592
1879,Kyle Lamps,9mjA8LYF7DI1,klampsoe@weebly.com,0,+86 263 374 2207
1880,Gretna Bister,pQXVgZ,gbisterof@cyberchimps.com,0,+62 851 399 1194
1881,Elberta Tovey,r1yk5x4J,etoveyog@cafepress.com,0,+258 882 952 1566
1882,Holly-anne Greatrakes,q4m879jgIG,hgreatrakesoh@51.la,0,+223 466 216 2132
1883,Morgen Caley,qQ1pDmgD,mcaleyoi@opera.com,0,+1 839 239 0413
1884,Giffie Stolworthy,xUX5lj,gstolworthyoj@soundcloud.com,0,+30 242 960 3000
1885,Dane Pirrone,IqxALxfF,dpirroneok@nydailynews.com,0,+591 884 178 4312
1886,Currie Hindhaugh,ClaymZr1i,chindhaughol@desdev.cn,0,+66 521 490 5426
1887,Rois Benbrick,G8Pm50N,rbenbrickom@rakuten.co.jp,0,+57 133 594 3542
1888,Sherline Cheshir,gTpy35O,scheshiron@howstuffworks.com,0,+48 582 433 7361
1889,Fanchette Tipper,QZJXTIV6xEy,ftipperoo@illinois.edu,0,+86 824 440 3939
1890,Isa Wyper,tiOrpYdYptAs,iwyperop@github.com,0,+502 548 680 6594
1891,Willyt Dwelly,Fq12Xr3E00Me,wdwellyoq@booking.com,0,+62 161 296 2488
1892,Nilson Hairesnape,woaWTc639tq,nhairesnapeor@typepad.com,0,+63 593 360 2465
1893,Dewitt Dullingham,pNLBUugahyhb,ddullinghamos@usnews.com,0,+1 186 278 9918
1894,Marline Elacoate,RJmXiazCf,melacoateot@ebay.com,0,+52 484 155 8556
1895,Livvy Chopping,vB8dwCq,lchoppingou@pinterest.com,0,+420 465 699 0272
1896,Kile Siggee,3QNUal1v37,ksiggeeov@umn.edu,0,+62 698 843 0387
1897,Shaylynn Broseman,Jsq8wlGhW,sbrosemanow@shutterfly.com,0,+48 640 948 7337
1898,Annetta Hustings,ZYF543jei,ahustingsox@istockphoto.com,0,+47 931 647 6482
1899,Celestine Mines,rpZC0nKcdE,cminesoy@walmart.com,0,+33 545 883 9622
1900,Gaylord Sturmey,yVATZm5jouai,gsturmeyoz@pcworld.com,0,+1 702 181 2892
1901,Dael Yukhnev,Wuaiq6eTfnLs,dyukhnevp0@facebook.com,0,+46 993 519 4376
1902,Filip Learoyde,53UNxxaAifj,flearoydep1@accuweather.com,0,+970 278 901 3212
1903,Amerigo Rodinger,Xa4XCc,arodingerp2@goodreads.com,0,+63 984 194 2886
1904,Rosemaria Dundon,aLO43MZ03i,rdundonp3@tinypic.com,0,+33 813 953 8521
1905,Cathee Aitkin,BJQHEzH,caitkinp4@yahoo.com,0,+86 681 674 5329
1906,Jacklyn Cossell,2JSq8yXJ,jcossellp5@shop-pro.jp,0,+66 425 787 6209
1907,Niels Fussie,verxuQrG,nfussiep6@bluehost.com,0,+244 792 548 0251
1908,Rodi Klemencic,WNuyKVKVD,rklemencicp7@de.vu,0,+691 815 856 1453
1909,Antoine Wrinch,qdMU6z,awrinchp8@sbwire.com,0,+55 887 581 3686
1910,Berkeley Colchett,3ANqrT0lAKC,bcolchettp9@unblog.fr,0,+255 623 769 7112
1911,Minnnie Delleschi,DooBhvv,mdelleschipa@huffingtonpost.com,0,+86 957 844 6719
1912,Jolie Garrand,ocAdNbO1TlP,jgarrandpb@github.com,0,+66 711 146 8586
1913,Susanne Mayger,BCmT6t7qz,smaygerpc@google.com.au,0,+1 229 202 9630
1914,Thomas Bogays,jfB2Eu2ru5M,tbogayspd@si.edu,0,+86 119 235 3458
1915,Daloris Salery,2MUsB7JlGxk,dsalerype@vimeo.com,0,+55 673 162 2107
1916,Joshuah Burtwistle,MQDOIHM,jburtwistlepf@wisc.edu,0,+963 552 961 8309
1917,Adlai Patmore,U62khL4,apatmorepg@hud.gov,0,+7 604 365 4877
1918,Kipp Burton,IGw6EKzmV,kburtonph@opensource.org,0,+387 435 841 3088
1919,Brigitte Smallcombe,6LpNSVT2HtYh,bsmallcombepi@mozilla.org,0,+63 320 885 6249
1920,Obadiah Sollas,i9pnMjIj5z,osollaspj@pen.io,0,+84 219 434 0024
1921,Billy Mersey,OQeCWJepyP,bmerseypk@e-recht24.de,0,+66 413 890 1833
1922,Connie Burgiss,bDW9H7YqFd5,cburgisspl@pcworld.com,0,+86 432 679 0641
1923,Vlad Antat,te1SmO3WAxq,vantatpm@facebook.com,0,+351 274 311 7738
1924,Yardley Kemetz,316k9WnHvZ6f,ykemetzpn@t.co,0,+86 937 755 2525
1925,Judd Di Iorio,fbf7vL,jdipo@wp.com,0,+7 586 101 5547
1926,Jeanine Seefus,MdXTFP,jseefuspp@shinystat.com,0,+55 583 412 5510
1927,Rafael Swendell,TAQIMhth,rswendellpq@delicious.com,0,+30 759 278 0082
1928,Moreen Boulder,GYIvuABA,mboulderpr@miibeian.gov.cn,0,+62 758 569 8155
1929,Lucien Marrion,kpJ3sYLe,lmarrionps@google.it,0,+86 742 232 9910
1930,Kyle Flemming,zniTVj,kflemmingpt@nih.gov,0,+86 428 659 6403
1931,Silva Eam,LiriqenS,seampu@histats.com,0,+1 757 752 7101
1932,Pauline Korneichuk,kmKhTJn35ms,pkorneichukpv@google.ca,0,+86 902 997 4196
1933,Cordy Chown,wXRbL85ozNiy,cchownpw@smh.com.au,0,+86 346 726 8056
1934,Florenza Ales0,H8QCnbpgXNhq,falespx@unc.edu,0,+62 680 235 4200
1935,Hal Coale,Ey4Sxa,hcoalepy@mac.com,0,+55 839 529 9905
1936,Bink Paute,Jc1ixvTiBf,bpautepz@mapy.cz,0,+358 951 268 8505
1937,Cobbie Meharry,BctDVcBJH,cmeharryq0@baidu.com,0,+62 586 819 5304
1938,Kristan Backes,t5Bjd8j,kbackesq1@europa.eu,0,+86 264 131 0553
1939,Waring Demcak,lEtKEWe8HPi,wdemcakq2@photobucket.com,0,+86 442 834 2737
1940,Urbano D'Antuoni,MkSI3mH,udantuoniq3@loc.gov,0,+224 517 529 6063
1941,Jaye Jahncke,RdHGymGmp,jjahnckeq4@bbb.org,0,+86 200 589 5493
1942,Doria Huffa,sSHF5Y1VG,dhuffaq5@photobucket.com,0,+30 184 221 9779
1943,Baxter Knight,txX7pdu,bknightq6@exblog.jp,0,+970 514 329 0372
1944,Rodger Este,yal1Ue05,resteq7@ft.com,0,+7 315 275 0608
1945,Sutherlan Hamp,CnLVAwDuEy6,shampq8@illinois.edu,0,+86 860 164 2481
1946,Cora Duval,kCDTKQ,cduvalq9@delicious.com,0,+260 956 326 1180
1947,Ynes Geraldini,RzXZnt6ulF,ygeraldiniqa@wisc.edu,0,+33 403 548 8637
1948,Jaimie Bilyard,6D65TsCqCwnW,jbilyardqb@bigcartel.com,0,+357 998 967 3884
1949,Patti Colum,v6n3i8,pcolumqc@usda.gov,0,+358 615 305 0573
1950,Bondie Senechell,9Hk8V3BZeQ2,bsenechellqd@wp.com,0,+54 213 409 4796
1951,Judon Gill,1PXdDQ,jgillqe@blogtalkradio.com,0,+381 625 193 3872
1952,Victoria Adamoli,j1zMJGrG,vadamoliqf@so-net.ne.jp,0,+51 740 612 5155
1953,Kristopher Masic,E3xWVNt,kmasicqg@alexa.com,0,+27 525 145 1761
1954,Cathrine Bidewel,skePC9,cbidewelqh@wired.com,0,+84 909 521 7016
1955,Sergeant Heinzler,ncX3KgMRE8e,sheinzlerqi@dell.com,0,+86 753 106 1195
1956,Bonnee Issit,c3VJ5JKovA9v,bissitqj@delicious.com,0,+62 109 330 1590
1957,Denise Birwhistle,zT5Kh1Mo1Kd,dbirwhistleqk@washington.edu,0,+48 764 121 3418
1958,Baily Drewson,u6GvwSLXpd,bdrewsonql@parallels.com,0,+212 297 440 8544
1959,Keenan Swabey,x4hxYoIcAoV,kswabeyqm@sohu.com,0,+33 547 729 5202
1960,Joseito Levey,ArRKNMQkQ,jleveyqn@woothemes.com,0,+86 430 611 9483
1961,Millisent Reimers,s61HfUv5Mn8S,mreimersqo@disqus.com,0,+54 491 808 7699
1962,Nils Baddam,ke1Si6n,nbaddamqp@naver.com,0,+86 819 739 9503
1963,Erroll Othick,uv27A5,eothickqq@tamu.edu,0,+33 526 112 1143
1964,Sophey Skurray,0ulIQOw1t,sskurrayqr@paginegialle.it,0,+34 586 200 2082
1965,Royall Woodham,MUXlqgFYb,rwoodhamqs@harvard.edu,0,+62 683 368 3138
1966,Dominic Burgoyne,20qHBAydu,dburgoyneqt@newsvine.com,0,+33 820 955 9295
1967,Rorie Wonham,itd416C,rwonhamqu@wix.com,0,+7 234 376 5505
1968,Sharlene Abrahmson,oJotfR3,sabrahmsonqv@imdb.com,0,+66 939 640 2103
1969,Haily Lagen,SX4OB0A9eR,hlagenqw@shutterfly.com,0,+63 653 445 1341
1970,Cull Huster,d1jyALd,chusterqx@nih.gov,0,+380 764 510 9009
1971,Faydra Povele,NVLPgk,fpoveleqy@prnewswire.com,0,+86 492 564 1245
1972,Ola Wessell,YUhhaYh2MRdY,owessellqz@cnn.com,0,+62 216 158 6423
1973,Nettle Zaniolini,R2eAs0LsTsGy,nzaniolinir0@tripod.com,0,+420 426 187 3049
1974,Adan Peck,jprb0PVxQ8B8,apeckr1@earthlink.net,0,+63 763 456 1445
1975,Nannie de Banke,L8hwwGkDMhQ,nder2@forbes.com,0,+62 636 930 8511
1976,Helen-elizabeth Cowdray,RbBFU4JE,hcowdrayr3@whitehouse.gov,0,+86 826 678 2629
1977,Bent Schorah,yGbowpWeR,bschorahr4@deviantart.com,0,+86 724 925 6102
1978,Marieann Fairall,rd3u4gCn,mfairallr5@weibo.com,0,+33 264 849 8511
1979,Harlen Addlestone,85Jnt8zUWP,haddlestoner6@prweb.com,0,+55 644 880 4102
1980,Stanislaw Faccini,Vi9Hc00V2,sfaccinir7@soundcloud.com,0,+54 988 499 7855
1981,Ed Wilkowski,MI7rns,ewilkowskir8@fastcompany.com,0,+63 548 266 6001
1982,Bernice Dyster,pQ7TYRLJ,bdysterr9@bbb.org,0,+82 192 723 0107
1983,Klara Powley,Rn2pCKMXhe9,kpowleyra@artisteer.com,0,+380 533 695 9422
1984,Finn Germon,WUjcJA,fgermonrb@youtube.com,0,+7 523 330 1511
1985,Bobbie Shenley,7HAcyCG6JATn,bshenleyrc@uiuc.edu,0,+86 443 585 6415
1986,Pat Auld,ArJb57e0b,pauldrd@redcross.org,0,+420 243 581 9169
1987,Shannon Sams,bz3E5nQEjp,ssamsre@ted.com,0,+54 623 392 9865
1988,Stacia Ormston,gA4TIN19vXy,sormstonrf@instagram.com,0,+62 897 697 4548
1989,Adah Pedder,vag52c,apedderrg@jugem.jp,0,+62 474 254 0234
1990,Antonin Gilogly,bsvaGp,agiloglyrh@discuz.net,0,+242 294 214 0735
1991,Lilith Dumphry,VdLBqd,ldumphryri@vistaprint.com,0,+33 424 413 1118
1992,Erin Toulch,OfFoU8MrvQI,etoulchrj@twitter.com,0,+86 140 423 5608
1993,Nicolas Cluckie,BbPLk0C6SDD,ncluckierk@ihg.com,0,+62 275 183 4714
1994,Edmund Simonot,Ge66wtX,esimonotrl@patch.com,0,+66 429 890 3505
1995,Bea Imort,b4r1Ner,bimortrm@storify.com,0,+86 915 881 1120
1996,Port Repper,6UeB1EB,prepperrn@shop-pro.jp,0,+86 911 995 5330
1997,Garry Boarleyson,bX0uTN3,gboarleysonro@alibaba.com,0,+86 512 876 0505
1998,Elmira McGrey,9m5UaKg,emcgreyrp@chronoengine.com,0,+1 410 309 1474
1999,Breanne Jirousek,mwWTL7F8e4yx,bjirousekrq@shutterfly.com,0,+63 908 166 7585
2000,Alanna Grieger,kFdxd5nOcS,agriegerrr@opera.com,0,+976 891 398 2565
